,driverId,driver_number,dob,nationality
0,1,44,1985-01-07,British
1,2,\N,1977-05-10,German
2,3,6,1985-06-27,German
3,4,14,1981-07-29,Spanish
4,5,\N,1981-10-19,Finnish
5,6,\N,1985-01-11,Japanese
6,7,\N,1979-02-28,French
7,8,7,1979-10-17,Finnish
8,9,88,1984-12-07,Polish
9,10,\N,1982-03-18,German
10,11,\N,1977-01-28,Japanese
11,12,\N,1985-07-25,Brazilian
12,13,19,1981-04-25,Brazilian
13,14,\N,1971-03-27,British
14,15,\N,1974-07-13,Italian
15,16,99,1983-01-11,German
16,17,\N,1976-08-27,Australian
17,18,22,1980-01-19,British
18,19,\N,1979-04-18,British
19,20,5,1987-07-03,German
20,21,\N,1973-01-14,Italian
21,22,\N,1972-05-23,Brazilian
22,23,\N,1975-06-30,German
23,24,\N,1980-08-06,Italian
24,25,\N,1974-02-15,Austrian
25,26,\N,1983-01-24,American
26,27,\N,1979-04-16,Dutch
27,28,\N,1980-06-13,German
28,29,\N,1982-07-09,Japanese
29,30,\N,1969-01-03,German
30,31,\N,1975-09-20,Colombian
31,32,\N,1983-02-07,Austrian
32,33,\N,1976-07-24,Portuguese
33,34,\N,1975-01-21,Japanese
34,35,\N,1971-04-09,Canadian
35,36,\N,1978-01-05,French
36,37,\N,1971-02-24,Spanish
37,38,\N,1981-09-23,Dutch
38,39,\N,1977-01-14,Indian
39,40,\N,1980-09-26,Austrian
40,41,\N,1976-03-23,Brazilian
41,42,\N,1980-09-11,Brazilian
42,43,\N,1973-09-19,Brazilian
43,44,\N,1966-09-02,French
44,45,\N,1979-02-04,Italian
45,46,\N,1981-05-30,Italian
46,47,\N,1981-01-01,Hungarian
47,48,\N,1974-03-29,Spanish
48,49,\N,1967-05-18,German
49,50,\N,1972-03-04,Dutch
50,51,\N,1978-07-31,British
51,52,\N,1975-05-20,Irish
52,53,\N,1978-03-03,Danish
53,54,\N,1975-03-05,Brazilian
54,55,\N,1964-06-11,French
55,56,\N,1965-11-10,British
56,57,\N,1968-09-28,Finnish
57,58,\N,1976-01-19,Brazilian
58,59,\N,1978-10-19,Brazilian
59,60,\N,1975-05-08,Argentine
60,61,\N,1976-09-11,Czech
61,62,\N,1976-07-20,Malaysian
62,63,\N,1966-11-30,Finnish
63,64,\N,1970-05-22,Brazilian
64,65,\N,1964-06-25,British
65,66,\N,1969-12-29,British
66,67,\N,1988-10-31,Swiss
67,68,\N,1974-02-12,Japanese
68,69,\N,1971-01-25,Italian
69,70,\N,1966-10-23,Italian
70,71,\N,1960-09-17,British
71,72,\N,1975-11-02,French
72,73,\N,1968-07-27,Brazilian
73,74,\N,1978-04-22,Argentine
74,75,\N,1971-04-01,Japanese
75,76,\N,1973-07-04,Danish
76,77,\N,1959-08-27,Austrian
77,78,\N,1964-03-19,Italian
78,79,\N,1963-05-29,Japanese
79,80,\N,1966-10-07,Italian
80,81,\N,1968-01-13,Italian
81,82,\N,1975-01-20,Argentine
82,83,\N,1972-03-20,Portuguese
83,84,\N,1959-06-01,British
84,85,\N,1964-05-30,Italian
85,86,\N,1958-02-18,Italian
86,87,\N,1966-04-08,British
87,88,\N,1960-09-08,Japanese
88,89,\N,1963-09-05,Japanese
89,90,\N,1959-02-11,Brazilian
90,91,\N,1968-12-20,Austrian
91,92,\N,1962-12-23,Belgian
92,93,\N,1967-11-17,Italian
93,94,\N,1961-04-23,Italian
94,95,\N,1953-08-08,British
95,96,\N,1969-12-27,French
96,97,\N,1969-10-03,Italian
97,98,\N,1963-10-01,Swiss
98,99,\N,1962-03-02,Italian
99,100,\N,1963-09-28,French
100,101,\N,1965-09-05,Australian
101,102,\N,1960-03-21,Brazilian
102,103,\N,1964-08-24,French
103,104,\N,1971-01-18,Brazilian
104,105,\N,1956-12-23,Italian
105,106,\N,1969-11-23,Monegasque
106,107,\N,1960-07-04,Austrian
107,108,\N,1963-04-23,French
108,109,\N,1966-01-31,Finnish
109,110,\N,1959-05-31,Italian
110,111,\N,1963-01-01,French
111,112,\N,1954-07-27,French
112,113,\N,1969-11-19,Belgian
113,114,\N,1961-07-28,French
114,115,\N,1969-03-07,Japanese
115,116,\N,1968-09-01,French
116,117,\N,1955-02-24,French
117,118,\N,1954-08-27,British
118,119,\N,1954-04-17,Italian
119,120,\N,1963-04-02,Italian
120,121,\N,1962-10-05,American
121,122,\N,1963-05-24,Italian
122,123,\N,1957-07-13,Belgian
123,124,\N,1965-10-07,Italian
124,125,\N,1968-02-24,Italian
125,126,\N,1955-03-10,Japanese
126,127,\N,1963-04-20,Brazilian
127,128,\N,1961-09-30,Belgian
128,129,\N,1958-09-02,French
129,130,\N,1964-05-06,Swiss
130,131,\N,1963-05-12,Italian
131,132,\N,1959-07-20,Italian
132,133,\N,1964-03-18,Italian
133,134,\N,1964-09-19,Italian
134,135,\N,1961-03-03,British
135,136,\N,1956-06-02,Dutch
136,137,\N,1952-08-17,Brazilian
137,138,\N,1953-02-23,Japanese
138,139,\N,1962-01-12,Italian
139,140,\N,1956-09-08,Swedish
140,141,\N,1961-10-09,British
141,142,\N,1965-02-27,Portuguese
142,143,\N,1968-03-08,German
143,144,\N,1966-06-13,Japanese
144,145,\N,1959-07-07,Italian
145,146,\N,1964-07-20,German
146,147,\N,1961-04-20,Italian
147,148,\N,1965-03-27,Swiss
148,149,\N,1960-07-20,Italian
149,150,\N,1961-03-29,Australian
150,151,\N,1964-03-26,British
151,152,\N,1952-09-10,Italian
152,153,\N,1990-03-23,Spanish
153,154,8,1986-04-17,French
154,155,10,1986-09-13,Japanese
155,156,\N,1956-11-07,British
156,157,\N,1958-04-04,German
157,158,\N,1958-01-10,American
158,159,\N,1959-05-15,Spanish
159,160,\N,1952-01-16,Italian
160,161,\N,1962-03-18,German
161,162,\N,1961-05-27,French
162,163,\N,1948-07-04,French
163,164,\N,1960-10-24,German
164,165,\N,1954-08-19,Argentine
165,166,\N,1955-06-26,French
166,167,\N,1960-06-17,Spanish
167,168,\N,1948-09-12,French
168,169,\N,1960-01-09,French
169,170,\N,1955-03-09,Italian
170,171,\N,1958-09-22,Swiss
171,172,\N,1943-11-21,French
172,173,\N,1958-03-26,Italian
173,174,\N,1958-04-26,British
174,175,\N,1949-06-25,French
175,176,\N,1951-09-18,Swiss
176,177,\N,1948-12-06,Finnish
177,178,\N,1946-11-02,Australian
178,179,\N,1954-10-08,Dutch
179,180,\N,1961-08-01,Canadian
180,181,\N,1951-10-06,German
181,182,\N,1949-02-22,Austrian
182,183,\N,1956-12-30,French
183,184,\N,1954-01-31,Italian
184,185,\N,1957-11-20,German
185,186,\N,1957-11-27,British
186,187,\N,1946-05-04,British
187,188,\N,1956-01-25,Venezuelan
188,189,\N,1954-01-24,Austrian
189,190,\N,1961-04-12,Italian
190,191,\N,1961-03-30,New Zealander
191,192,\N,1957-02-03,Brazilian
192,193,\N,1950-03-09,American
193,194,\N,1954-11-14,Chilean
194,195,\N,1958-11-16,Colombian
195,196,\N,1957-12-04,Brazilian
196,197,\N,1946-07-10,French
197,198,\N,1953-11-04,Canadian
198,199,\N,1942-04-12,Argentine
199,200,\N,1946-09-30,German
200,201,\N,1946-11-25,Swedish
201,202,\N,1952-03-26,French
202,203,\N,1950-01-18,Canadian
203,204,\N,1958-06-15,Italian
204,205,\N,1946-09-19,British
205,206,\N,1953-03-11,Irish
206,207,\N,1940-02-28,American
207,208,\N,1946-07-26,Spanish
208,209,\N,1951-05-01,British
209,210,\N,1958-05-06,Irish
210,211,\N,1955-02-26,British
211,212,\N,1956-02-05,Mexican
212,213,\N,1957-01-02,Italian
213,214,\N,1956-03-31,American
214,215,\N,1953-08-31,Argentine
215,216,\N,1952-10-10,Italian
216,217,\N,1949-04-13,Argentine
217,218,\N,1949-08-08,Colombian
218,219,\N,1942-10-01,French
219,220,\N,1947-11-08,Italian
220,221,\N,1944-08-09,French
221,222,\N,1950-01-29,South African
222,223,\N,1939-09-05,Swiss
223,224,\N,1946-12-12,Brazilian
224,225,\N,1953-01-15,Irish
225,226,\N,1952-02-19,British
226,227,\N,1951-10-29,British
227,228,\N,1953-11-26,South African
228,229,\N,1948-08-31,Austrian
229,230,\N,1937-11-11,Italian
230,231,\N,1947-08-29,British
231,232,\N,1943-03-11,Italian
232,233,\N,1951-01-01,German
233,234,\N,1950-01-18,Italian
234,235,\N,1945-01-01,Belgian
235,236,\N,1952-02-12,French
236,237,\N,1948-11-07,Brazilian
237,238,\N,1944-02-14,Swedish
238,239,\N,1945-11-14,American
239,240,\N,1942-05-21,American
240,241,\N,1953-05-24,Italian
241,242,\N,1944-08-13,British
242,243,\N,1943-07-11,German
243,244,\N,1946-02-23,Italian
244,245,\N,1943-01-24,British
245,246,\N,1948-06-12,Austrian
246,247,\N,1949-10-02,Dutch
247,248,\N,1938-01-01,Italian
248,249,\N,1953-01-10,American
249,250,\N,1944-10-06,Brazilian
250,251,\N,1947-08-22,South African
251,252,\N,1949-06-11,British
252,253,\N,1953-02-28,Brazilian
253,254,\N,1946-12-12,Italian
254,255,\N,1948-11-20,Swedish
255,256,\N,1950-03-18,Australian
256,257,\N,1949-05-03,Dutch
257,258,\N,1949-10-13,Belgian
258,259,\N,1945-01-26,British
259,260,\N,1939-12-28,Swedish
260,261,\N,1952-09-19,Belgian
261,262,\N,1942-08-14,British
262,263,\N,1948-05-17,Finnish
263,264,\N,1947-05-09,British
264,265,\N,1942-12-30,British
265,266,\N,1945-12-13,Australian
266,267,\N,1943-03-19,Australian
267,268,\N,1943-03-16,German
268,269,\N,1942-07-26,Belgian
269,270,\N,1947-10-26,British
270,271,\N,1950-04-01,Swiss
271,272,\N,1940-01-29,Japanese
272,273,\N,1947-07-01,Japanese
273,274,\N,1951-06-06,Japanese
274,275,\N,1941-03-26,Italian
275,276,\N,1947-06-11,British
276,277,\N,1946-03-18,French
277,278,\N,1943-07-20,New Zealander
278,279,\N,1944-05-27,Spanish
279,280,\N,1942-09-25,French
280,281,\N,1944-04-19,Danish
281,282,\N,1945-11-17,British
282,283,\N,1946-01-07,British
283,284,\N,1942-08-31,Italian
284,285,\N,1947-03-03,Austrian
285,286,\N,1949-12-24,Australian
286,287,\N,1945-11-13,Japanese
287,288,\N,1937-03-18,American
288,289,\N,1929-02-15,British
289,290,\N,1943-12-25,Brazilian
290,291,\N,1948-12-01,South African
291,292,\N,1944-09-12,South African
292,293,\N,1936-10-27,South African
293,294,\N,1952-03-28,British
294,295,\N,1948-12-12,Dutch
295,296,\N,1944-12-04,French
296,297,\N,1947-07-23,Swedish
297,298,\N,1942-03-16,Dutch
298,299,\N,1946-03-10,Japanese
299,300,\N,1941-10-06,New Zealander
300,301,\N,1944-08-07,British
301,302,\N,1948-02-13,British
302,303,\N,1942-05-31,Swiss
303,304,\N,1936-06-18,New Zealander
304,305,\N,1940-04-02,British
305,306,\N,1937-04-26,French
306,307,\N,1941-12-24,New Zealander
307,308,\N,1944-09-22,British
308,309,\N,1939-02-27,American
309,310,\N,1934-05-13,South African
310,311,\N,1942-08-27,Danish
311,312,\N,1937-03-09,British
312,313,\N,1947-10-14,Liechtensteiner
313,314,\N,1943-09-26,Australian
314,315,\N,1940-05-23,French
315,316,\N,1943-08-05,Finnish
316,317,\N,1941-09-30,Swedish
317,318,\N,1943-10-12,Swedish
318,319,\N,1944-04-26,French
319,320,\N,1940-02-21,British
320,321,\N,1941-10-31,British
321,322,\N,1939-06-09,British
322,323,\N,1939-05-30,Austrian
323,324,\N,1948-11-03,Austrian
324,325,\N,1935-06-26,Italian
325,326,\N,1938-05-28,Canadian
326,327,\N,1944-02-25,French
327,328,\N,1939-06-11,British
328,329,\N,1940-04-13,British
329,330,\N,1940-10-02,Italian
330,331,\N,1937-01-16,Brazilian
331,332,\N,1934-01-27,American
332,333,\N,1941-10-03,Italian
333,334,\N,1934-11-22,South African
334,335,\N,1948-02-02,British
335,336,\N,1940-03-05,New Zealander
336,337,\N,1943-04-27,Austrian
337,338,\N,1941-06-10,Australian
338,339,\N,1932-10-29,Spanish
339,340,\N,1924-12-07,Rhodesian
340,341,\N,1934-02-11,British
341,342,\N,1936-11-16,American
342,343,\N,1935-12-26,Canadian
343,344,\N,1944-05-26,American
344,345,\N,1940-01-18,Mexican
345,346,\N,1936-07-07,Swiss
346,347,\N,1930-01-31,Swedish
347,348,\N,1943-02-24,French
348,349,\N,1943-07-27,French
349,350,\N,1935-06-10,British
350,351,\N,1941-04-24,Swiss
351,352,\N,1945-11-12,Canadian
352,353,\N,1926-04-11,American
353,354,\N,1939-11-17,British
354,355,\N,1933-06-21,Canadian
355,356,\N,1926-04-02,Australian
356,357,\N,1943-06-14,British
357,358,\N,1942-04-18,Austrian
358,359,\N,1942-01-18,French
359,360,\N,1937-08-30,New Zealander
360,361,\N,1942-05-27,British
361,362,\N,1935-03-16,South African
362,363,\N,1941-08-30,Italian
363,364,\N,1931-04-13,American
364,365,\N,1935-03-28,German
365,366,\N,1937-04-26,American
366,367,\N,1938-05-26,British
367,368,\N,1921-08-24,Rhodesian
368,369,\N,1939-04-19,South African
369,370,\N,1940-04-04,British
370,371,\N,1921-10-15,Canadian
371,372,\N,1935-07-23,Canadian
372,373,\N,1936-03-04,British
373,374,\N,1936-12-30,British
374,375,\N,1933-10-18,Italian
375,376,\N,1934-11-10,Belgian
376,377,\N,1928-05-18,French
377,378,\N,1942-05-27,British
378,379,\N,1940-04-19,German
379,380,\N,1930-10-01,Australian
380,381,\N,1934-02-20,American
381,382,\N,1935-12-26,Mexican
382,383,\N,1931-05-19,British
383,384,\N,1930-01-16,South African
384,385,\N,1935-12-21,Italian
385,386,\N,1930-08-05,American
386,387,\N,1931-09-24,British
387,388,\N,1942-06-27,British
388,389,\N,1930-07-12,French
389,390,\N,1938-01-12,British
390,391,\N,1936-09-07,British
391,392,\N,1943-03-13,American
392,393,\N,1943-04-26,American
393,394,\N,1934-12-25,Italian
394,395,\N,1942-10-26,British
395,396,\N,1933-04-27,American
396,397,\N,1933-11-08,British
397,398,\N,1931-04-14,British
398,399,\N,1933-03-23,British
399,400,\N,1933-07-27,British
400,401,\N,1936-12-26,British
401,402,\N,1937-10-23,Italian
402,403,\N,1927-04-20,American
403,404,\N,1930-06-12,British
404,405,\N,1936-04-05,American
405,406,\N,1937-10-12,Australian
406,407,\N,1937-10-09,British
407,408,\N,1937-02-09,South African
408,409,\N,1935-11-30,South African
409,410,\N,1938-09-25,South African
410,411,\N,1920-12-09,South African
411,412,\N,1939-01-07,South African
412,413,\N,1938-07-04,South African
413,414,\N,1941-07-11,Rhodesian
414,415,\N,1932-04-30,South African
415,416,\N,1931-05-18,South African
416,417,\N,1932-11-30,South African
417,418,\N,1932-02-29,American
418,419,\N,1927-08-18,British
419,420,\N,1921-09-22,British
420,421,\N,1943-05-15,British
421,422,\N,1934-04-17,British
422,423,\N,1935-08-30,German
423,424,\N,1927-10-04,Italian
424,425,\N,1933-03-04,Italian
425,426,\N,1934-01-20,Italian
426,427,\N,1917-10-30,French
427,428,\N,1930-10-07,French
428,429,\N,1918-10-06,Belgian
429,430,\N,1934-04-10,Dutch
430,431,\N,1917-01-26,German
431,432,\N,1934-01-15,Portuguese
432,433,\N,1919-10-28,American
433,434,\N,1928-01-01,American
434,435,\N,1928-10-01,Belgian
435,436,\N,1930-01-21,British
436,437,\N,1930-07-06,British
437,438,\N,1926-07-10,American
438,439,\N,1932-11-18,Argentine
439,440,\N,1935-07-23,American
440,441,\N,1932-06-25,British
441,442,\N,1910-04-30,German
442,443,\N,1934-01-31,Italian
443,444,\N,1926-10-17,Italian
444,445,\N,1937-10-18,German
445,446,\N,1932-07-10,Italian
446,447,\N,1932-12-03,Italian
447,448,\N,1926-05-15,Canadian
448,449,\N,1921-01-10,American
449,450,\N,1941-07-01,Dutch
450,451,\N,1920-10-08,American
451,452,\N,1945-09-03,American
452,842,10,1996-02-07,French
453,453,\N,1936-11-01,British
454,454,\N,1942-02-14,Mexican
455,455,\N,1926-07-04,German
456,456,\N,1922-05-12,British
457,457,\N,1936-12-09,Dutch
458,458,\N,1929-06-13,Dutch
459,459,\N,1931-07-20,British
460,460,\N,1936-07-25,British
461,461,\N,1930-01-25,Swiss
462,462,\N,1933-07-29,British
463,463,\N,1925-12-29,American
464,464,\N,1937-02-02,New Zealander
465,465,\N,1938-01-05,British
466,466,\N,1927-07-28,Swiss
467,467,\N,1923-04-15,Italian
468,468,\N,1937-02-20,American
469,469,\N,1926-05-11,British
470,470,\N,1938-02-22,American
471,471,\N,1937-01-30,South African
472,472,\N,1939-05-25,South African
473,473,\N,1937-09-30,Rhodesian
474,474,\N,1920-06-01,South African
475,475,\N,1929-09-17,British
476,476,\N,1928-05-04,German
477,477,\N,1932-02-08,British
478,478,\N,1928-02-23,German
479,479,\N,1932-02-25,British
480,480,\N,1934-08-18,Swiss
481,481,\N,1932-12-16,British
482,482,\N,1924-01-12,Belgian
483,483,\N,1921-10-02,Italian
484,484,\N,1923-03-24,British
485,485,\N,1934-01-28,Argentine
486,486,\N,1913-03-15,British
487,487,\N,1935-07-28,Italian
488,488,\N,1934-06-07,Swiss
489,489,\N,1933-03-26,Italian
490,490,\N,1923-03-29,British
491,491,\N,1920-04-05,American-Italian
492,492,\N,1930-01-04,Italian
493,493,\N,1940-06-10,Canadian
494,494,\N,1928-01-12,American
495,495,\N,1918-11-01,British
496,496,\N,1914-08-10,Argentine
497,497,\N,1934-01-14,Argentine
498,498,\N,1922-10-05,Argentine
499,499,\N,1919-09-30,Argentine
500,500,\N,1928-04-02,Italian
501,501,\N,1921-06-29,American
502,502,\N,1933-08-29,British
503,503,\N,1921-06-04,Venezuelan
504,504,\N,1924-10-28,Spanish
505,505,\N,1937-12-02,British
506,506,\N,1931-05-18,British
507,507,\N,1923-11-29,American
508,508,\N,1936-02-24,American
509,509,\N,1928-07-16,American
510,510,\N,1925-10-02,American
511,511,\N,1920-06-02,American
512,512,\N,1922-04-09,American
513,513,\N,1919-02-10,American
514,514,\N,1926-11-01,American
515,515,\N,1928-04-04,American
516,516,\N,1924-04-04,American
517,517,\N,1929-01-19,American
518,518,\N,1913-05-05,American
519,519,\N,1918-08-31,American
520,520,\N,1926-01-28,American
521,521,\N,1919-10-15,American
522,522,\N,1924-09-04,American
523,523,\N,1919-08-12,American
524,524,\N,1932-12-05,American
525,525,\N,1926-01-28,American
526,526,\N,1930-03-11,American
527,527,\N,1927-05-28,American
528,528,\N,1925-03-25,American
529,529,\N,1916-09-12,American
530,530,\N,1934-12-09,American
531,531,\N,1935-01-16,American
532,532,\N,1925-11-19,American
533,533,\N,1926-08-19,American
534,534,\N,1916-06-15,American
535,535,\N,1927-07-04,American
536,536,\N,1925-08-09,American
537,537,\N,1924-01-06,American
538,538,\N,1927-03-15,American
539,539,\N,1927-03-11,American
540,540,\N,1934-04-24,British
541,541,\N,1923-06-16,British
542,542,\N,1930-12-02,British
543,543,\N,1923-02-19,Italian
544,544,\N,1926-08-08,Italian
545,545,\N,1932-03-17,American
546,546,\N,1915-03-23,British
547,547,\N,1918-09-20,British
548,548,\N,1919-12-14,American
549,549,\N,1923-06-06,British
550,550,\N,1922-02-05,Belgian
551,551,\N,1926-11-11,Italian
552,552,\N,1923-01-07,French
553,553,\N,1926-04-13,Monegasque
554,554,\N,1921-02-16,French
555,555,\N,1914-04-10,American
556,556,\N,1924-08-28,American
557,557,\N,1926-05-30,American
558,558,\N,1920-04-11,American
559,559,\N,1926-01-06,American
560,560,\N,1927-06-12,American
561,561,\N,1915-10-26,American
562,562,\N,1920-02-12,American
563,563,\N,1923-04-03,American
564,564,\N,1923-01-21,American
565,565,\N,1920-02-08,American
566,566,\N,1923-01-11,American
567,567,\N,1938-03-25,Brazilian
568,568,\N,1922-12-26,Uruguayan
569,569,\N,1934-10-16,British
570,570,\N,1933-09-04,British
571,571,\N,1921-06-12,British
572,572,\N,1929-06-13,American
573,573,\N,1928-07-10,Argentine-Italian
574,574,\N,1918-02-22,American
575,575,\N,1932-05-05,American
576,576,\N,1916-06-12,American
577,577,\N,1924-07-28,Italian
578,578,\N,1929-04-10,British
579,579,\N,1911-06-24,Argentine
580,580,\N,1921-03-21,Spanish
581,581,\N,1931-11-06,British
582,582,\N,1923-12-12,Australian
583,583,\N,1928-08-10,Italian
584,584,\N,1936-03-23,American
585,585,\N,1916-11-12,British
586,586,\N,1913-10-27,Italian
587,587,\N,1930-10-28,British
588,588,\N,1932-05-05,Italian
589,589,\N,1899-08-03,Monegasque
590,590,\N,1930-04-20,British
591,591,\N,1924-10-24,American
592,592,\N,1929-11-17,American
593,593,\N,1918-07-04,American
594,594,\N,1917-10-22,American
595,595,\N,1933-04-24,American
596,596,\N,1926-12-09,American
597,597,\N,1928-10-09,American
598,598,\N,1932-11-15,American
599,599,\N,1926-11-10,American
600,600,\N,1928-08-04,Belgian
601,601,\N,1918-04-16,British
602,602,\N,1917-02-26,French
603,603,\N,1919-05-06,French
604,604,\N,1921-04-26,French
605,605,\N,1934-06-24,British
606,606,\N,1928-10-11,Spanish
607,607,\N,1932-10-21,Italian
608,608,\N,1930-10-10,Italian
609,609,\N,1920-01-05,French
610,610,\N,1920-12-16,British
611,611,\N,1914-07-13,American
612,612,\N,1922-04-05,American
613,613,\N,1921-02-22,American
614,614,\N,1930-09-23,American
615,615,\N,1913-08-21,American
616,616,\N,1928-07-15,American
617,617,\N,1932-09-13,British
618,618,\N,1927-06-23,American
619,619,\N,1914-01-19,British
620,620,\N,1928-06-05,Italian
621,621,\N,1929-03-28,Australian
622,622,\N,1907-07-14,Brazilian
623,623,\N,1924-07-11,Uruguayan
624,624,\N,1925-12-07,Brazilian
625,625,\N,1914-02-28,French
626,626,\N,1917-04-12,French
627,627,\N,1905-11-05,French
628,628,\N,1926-05-20,American
629,629,\N,1916-02-06,American
630,630,\N,1913-04-10,American
631,631,\N,1920-06-15,American
632,632,\N,1917-01-30,Belgian
633,633,\N,1909-05-16,Italian
634,634,\N,1909-11-11,Italian
635,635,\N,1928-05-19,British
636,636,\N,1928-05-01,British
637,637,\N,1927-05-13,British
638,638,\N,1917-12-07,Swiss
639,639,\N,1928-12-09,Belgian
640,640,\N,1914-05-18,Swiss
641,641,\N,1906-10-12,Italian
642,642,\N,1906-10-30,Italian
643,643,\N,1924-12-03,Argentine
644,644,\N,1929-05-22,Italian
645,645,\N,1920-09-04,Argentine
646,646,\N,1922-02-22,Argentine
647,647,\N,1918-07-13,Italian
648,648,\N,1910-09-16,German
649,649,\N,1924-01-07,Argentine
650,650,\N,1922-07-02,French
651,651,\N,1919-09-02,British
652,652,\N,1928-11-01,British
653,653,\N,1929-08-08,American
654,654,\N,1920-02-16,American
655,655,\N,1914-04-29,American
656,656,\N,1918-01-24,American
657,657,\N,1918-12-13,American
658,658,\N,1919-10-08,American
659,659,\N,1929-01-29,American
660,660,\N,1916-08-11,Belgian
661,661,\N,1912-10-07,British
662,662,\N,1930-06-16,French
663,663,\N,1916-03-21,British
664,664,\N,1920-09-21,British
665,665,\N,1922-08-14,British
666,666,\N,1918-10-16,British
667,667,\N,1917-08-04,American
668,668,\N,1917-04-25,French
669,669,\N,1914-07-15,Thai
670,670,\N,1923-12-19,Argentine
671,671,\N,1907-08-05,French
672,672,\N,1923-06-05,Argentine
673,673,\N,1921-10-02,American
674,674,\N,1926-10-23,American
675,675,\N,1921-10-20,American
676,676,\N,1918-10-12,American
677,677,\N,1910-10-08,American
678,678,\N,1911-07-25,American
679,679,\N,1921-02-19,American
680,680,\N,1926-10-30,American
681,681,\N,1918-09-14,Belgian
682,682,\N,1928-07-26,British
683,683,\N,1916-06-23,British
684,684,\N,1909-04-01,British
685,685,\N,1924-01-17,British
686,686,\N,1911-07-02,British
687,687,\N,1914-11-12,British
688,688,\N,1920-07-18,British
689,689,\N,1919-11-20,British
690,690,\N,1929-06-26,British
691,691,\N,1909-04-06,German
692,692,\N,1913-05-13,German
693,693,\N,1918-07-10,American
694,694,\N,1925-03-10,Italian
695,695,\N,1913-08-17,Argentine
696,696,\N,1929-07-22,British
697,697,\N,1903-06-09,Italian
698,698,\N,1923-06-28,Argentine
699,699,\N,1913-03-02,American
700,700,\N,1914-07-03,American
701,701,\N,1907-12-18,American
702,702,\N,1928-10-04,American
703,703,\N,1898-11-01,Belgian
704,704,\N,1904-10-08,French
705,705,\N,1920-02-16,British
706,706,\N,1931-03-06,British
707,707,\N,1929-07-15,British
708,708,\N,1920-04-30,British
709,709,\N,1903-05-23,East German
710,710,\N,1907-03-30,East German
711,711,\N,1917-03-06,German
712,712,\N,1922-02-13,German
713,713,\N,1923-02-10,East German
714,714,\N,1921-11-05,German
715,715,\N,1921-12-21,German
716,716,\N,1912-07-17,German
717,717,\N,1900-12-27,German
718,718,\N,1907-07-04,German
719,719,\N,1908-02-28,Swiss
720,720,\N,1918-10-06,Swiss
721,721,\N,1910-03-30,Swiss
722,722,\N,1921-03-06,Italian
723,723,\N,1912-04-19,Swiss
724,724,\N,1906-01-25,German
725,725,\N,1913-03-21,British
726,726,\N,1906-08-16,American
727,727,\N,1923-06-06,American
728,728,\N,1925-05-23,American
729,729,\N,1909-03-06,American
730,730,\N,1917-06-22,American
731,731,\N,1913-06-14,American
732,732,\N,1915-01-29,American
733,733,\N,1902-07-19,American
734,734,\N,1925-08-26,American
735,735,\N,1927-06-07,Belgian
736,736,\N,1913-02-21,Belgian
737,737,\N,1908-04-11,American
738,738,\N,1920-02-03,Australian
739,739,\N,1915-06-23,British
740,740,\N,1906-07-24,Italian
741,741,\N,1896-12-28,French
742,742,\N,1916-08-19,British
743,743,\N,1919-11-04,British
744,744,\N,1917-12-05,British
745,745,\N,1922-04-15,British
746,746,\N,1916-07-22,Brazilian
747,747,\N,1909-12-28,British
748,748,\N,1906-10-04,Uruguayan
749,749,\N,1900-03-29,British
750,750,\N,1899-10-15,German
751,751,\N,1922-07-11,German
752,752,\N,1915-11-29,German
753,753,\N,1919-10-28,German
754,754,\N,1909-01-01,French
755,755,\N,1902-04-27,Swiss
756,756,\N,1911-06-20,German
757,757,\N,1914-09-16,German
758,758,\N,1919-08-23,Dutch
759,759,\N,1919-10-02,Dutch
760,760,\N,1899-10-13,Italian
761,761,\N,1920-01-16,Argentine
762,762,\N,1908-06-05,Italian
763,763,\N,1911-03-28,Italian
764,764,\N,1910-08-10,French
765,765,\N,1910-01-25,French
766,766,\N,1910-09-07,American
767,767,\N,1911-03-04,American
768,768,\N,1906-05-26,American
769,769,\N,1927-12-15,American
770,770,\N,1919-09-30,American
771,771,\N,1911-12-30,American
772,772,\N,1915-09-14,American
773,773,\N,1905-12-22,French
774,774,\N,1907-04-12,French
775,775,\N,1921-05-20,French
776,776,\N,1913-03-13,Irish
777,777,\N,1907-09-22,British
778,778,\N,1915-01-28,British
779,779,\N,1914-05-10,British
780,780,\N,1916-09-15,Swiss
781,781,\N,1911-08-21,British
782,782,\N,1903-11-23,Spanish
783,783,\N,1905-07-25,French
784,784,\N,1917-12-29,British
785,785,\N,1921-05-11,British
786,786,\N,1898-06-09,Italian
787,787,\N,1906-07-06,British
788,788,\N,1915-10-26,British
789,789,\N,1915-03-24,French
790,790,\N,1912-03-22,British
791,791,\N,1898-08-18,Italian
792,792,\N,1912-10-21,Argentine
793,793,\N,1906-08-31,French
794,794,\N,1912-04-14,American
795,795,\N,1912-06-17,American
796,796,\N,1913-12-15,American
797,797,\N,1920-09-04,American
798,798,\N,1914-02-14,American
799,799,\N,1910-07-25,American
800,800,\N,1911-10-11,Italian
801,801,\N,1909-08-27,French
802,802,\N,1909-07-22,Italian
803,803,\N,1908-01-31,American
804,804,\N,1918-09-18,American
805,805,\N,1917-02-10,American
806,806,\N,1923-11-10,Uruguayan
807,807,27,1987-08-19,German
808,808,\N,1984-09-08,Russian
809,810,\N,1984-08-11,Brazilian
810,811,\N,1983-10-15,Brazilian
811,812,\N,1984-01-19,Indian
812,813,13,1985-03-09,Venezuelan
813,814,\N,1986-04-16,British
814,815,11,1990-01-26,Mexican
815,816,\N,1985-12-27,Belgian
816,817,3,1989-07-01,Australian
817,818,25,1990-04-25,French
818,819,\N,1990-02-15,French
819,820,4,1991-04-21,British
820,821,21,1991-08-05,Mexican
821,822,77,1989-08-28,Finnish
822,823,\N,1985-04-25,Dutch
823,824,17,1989-08-03,French
824,825,20,1992-10-05,Danish
825,826,26,1994-04-26,Russian
826,827,45,1981-11-19,German
827,828,9,1990-09-02,Swedish
828,829,28,1991-06-28,British
829,830,33,1997-09-30,Dutch
830,831,12,1992-08-21,Brazilian
831,832,55,1994-09-01,Spanish
832,833,98,1991-03-22,Spanish
833,834,53,1991-09-25,American
834,835,30,1991-01-20,British
835,836,94,1994-10-18,German
836,837,88,1993-01-22,Indonesian
837,838,2,1992-03-26,Belgian
838,839,31,1996-09-17,French
839,840,18,1998-10-29,Canadian
840,841,99,1993-12-14,Italian
841,843,28,1989-11-10,New Zealander
842,844,16,1997-10-16,Monegasque
843,845,35,1995-08-27,Russian
844,846,4,1999-11-13,British
845,847,63,1998-02-15,British
846,848,23,1996-03-23,Thai
847,849,6,1995-06-29,Canadian
848,850,51,1996-06-25,Brazilian
849,851,89,1995-09-23,British
850,852,22,2000-05-11,Japanese
851,853,9,1999-03-02,Russian
852,854,47,1999-03-22,German
853,855,24,1999-05-30,Chinese
854,856,45,1995-02-06,Dutch
