driverId,year,dstnd_points,results_laps,wins,res_1,res_2,res_3,res_4,res_5,res_6,res_7,res_8,res_9,res_10,res_11,res_12,res_13,res_14,res_15,res_16,res_17,res_18,res_19,res_20,res_21,res_22,res_23,res_24,grid_1,grid_2,grid_3,grid_4,grid_5,grid_6,grid_7,grid_8,grid_9,grid_10,grid_11,grid_12,grid_13,grid_14,grid_15,grid_16,grid_17,grid_18,grid_19,grid_20,grid_21,grid_22,grid_23,grid_24,races
1,2007.0,109.0,1037.0,4.0,4,5,3,1,1,0,1,0,1,0,0,0,0,0,0,0,0,0,0,0,0,0,0,0,6,6,0,4,0,0,0,0,0,0,0,0,0,0,0,0,0,0,0,0,0,0,0,0,0
1,2008.0,98.0,1065.0,5.0,5,2,3,0,3,0,1,0,0,1,0,1,1,0,0,0,0,0,0,0,0,0,0,0,7,2,3,0,1,0,0,0,0,0,0,0,1,0,0,0,0,0,0,0,0,0,0,0,0
1,2009.0,49.0,846.0,2.0,2,1,2,1,0,1,1,0,1,0,0,2,1,0,0,1,0,1,0,0,0,0,0,0,4,0,1,1,0,0,0,0,1,0,0,1,0,0,0,1,0,1,0,0,0,0,0,0,0
1,2010.0,240.0,1001.0,3.0,3,5,1,2,2,2,0,0,0,0,0,0,0,1,0,0,0,0,0,0,0,0,0,0,1,3,3,4,2,2,0,0,0,0,0,0,0,0,0,0,0,0,0,0,0,0,0,0,0
1,2011.0,227.0,1013.0,3.0,3,3,0,5,2,1,1,1,0,0,0,0,0,0,0,0,0,0,0,0,0,0,0,0,1,7,0,3,2,0,0,0,0,0,0,0,0,0,0,0,0,0,0,0,0,0,0,0,0
1,2012.0,190.0,1045.0,4.0,4,0,3,1,2,0,0,3,0,1,0,0,0,0,0,0,0,0,1,0,0,0,0,0,7,0,3,0,0,0,0,1,0,0,0,0,0,0,0,0,0,0,0,0,0,0,0,0,0
1,2013.0,189.0,1084.0,1.0,1,0,4,3,5,1,1,0,2,0,0,1,0,0,0,0,0,0,0,0,0,0,0,0,5,0,3,2,3,0,0,0,1,0,0,1,0,0,0,0,0,0,0,0,0,0,0,0,0
1,2014.0,384.0,1049.0,11.0,11,3,2,0,0,0,0,0,0,0,0,0,0,0,0,0,0,0,0,0,0,0,0,0,7,8,0,0,0,0,0,0,0,0,0,0,0,0,0,0,0,0,0,0,0,0,0,0,0
1,2015.0,381.0,1120.0,10.0,10,6,1,0,0,1,0,0,0,0,0,0,0,0,0,0,0,0,0,0,0,0,0,0,11,7,0,0,0,0,0,0,0,0,0,0,0,0,0,0,0,0,0,0,0,0,0,0,0
1,2016.0,380.0,1186.0,10.0,10,3,4,0,1,0,1,0,0,0,0,0,0,0,0,0,0,0,0,0,0,0,0,0,11,3,2,0,0,0,0,0,0,0,0,0,0,0,0,0,0,0,0,0,0,0,0,0,0
1,2017.0,363.0,1195.0,9.0,9,4,0,4,1,0,1,0,1,0,0,0,0,0,0,0,0,0,0,0,0,0,0,0,11,2,0,2,1,0,0,0,0,0,0,0,0,0,0,0,0,0,0,0,0,0,0,0,0
1,2018.0,408.0,1255.0,11.0,11,3,3,2,1,0,0,0,0,0,0,0,0,0,0,0,0,0,0,0,0,0,0,0,11,3,3,2,0,0,0,0,0,0,0,0,0,0,0,0,0,0,0,0,0,0,0,0,0
1,2019.0,413.0,1262.0,11.0,11,4,2,1,1,0,1,0,1,0,0,0,0,0,0,0,0,0,0,0,0,0,0,0,5,8,5,2,1,0,0,0,0,0,0,0,0,0,0,0,0,0,0,0,0,0,0,0,0
1,2020.0,347.0,950.0,11.0,11,1,2,1,0,0,1,0,0,0,0,0,0,0,0,0,0,0,0,0,0,0,0,0,10,3,1,0,0,0,0,0,0,0,0,0,0,0,0,0,0,0,0,0,0,0,0,0,0
1,2021.0,387.5,1269.0,8.0,8,8,1,1,1,0,1,0,0,0,0,0,0,0,1,0,0,0,0,0,0,0,0,0,5,10,1,3,0,0,1,0,0,0,0,0,0,0,0,0,0,0,0,0,0,0,0,0,0
1,2022.0,240.0,1246.0,0.0,0,5,4,3,3,1,0,1,1,1,0,0,1,0,0,0,0,1,0,0,0,0,0,0,0,1,3,3,4,3,0,2,0,0,0,0,0,0,0,0,0,0,0,0,0,0,0,0,0
2,2000.0,0.0,170.0,0.0,0,0,0,0,0,0,0,0,1,0,0,0,0,0,0,0,0,0,0,0,0,0,0,0,0,0,0,0,0,0,0,0,0,0,0,0,0,0,0,0,0,0,0,0,0,0,0,0,0
2,2001.0,12.0,73.0,0.0,0,0,0,0,0,1,0,0,0,0,0,0,0,0,0,0,0,0,0,0,0,0,0,0,0,0,0,0,0,1,0,0,0,0,0,0,0,0,0,0,0,0,0,0,0,0,0,0,0
2,2002.0,7.0,107.0,0.0,0,0,0,0,1,0,1,0,0,0,0,0,0,0,0,0,0,0,0,0,0,0,0,0,0,0,0,0,0,0,1,0,0,0,0,0,0,0,0,0,0,0,0,0,0,0,0,0,0
2,2003.0,6.0,853.0,0.0,0,0,0,0,1,0,0,2,3,3,1,0,1,0,0,0,1,0,0,0,0,0,0,0,0,0,0,0,0,0,0,0,0,0,3,0,1,0,0,0,0,0,0,0,0,0,0,0,0
2,2004.0,3.0,830.0,0.0,0,0,0,0,0,0,1,1,0,1,1,1,2,1,2,1,0,0,0,0,0,0,0,0,0,0,0,0,0,0,0,0,0,0,0,0,1,1,3,6,0,0,0,0,0,0,0,0,0
2,2005.0,28.0,720.0,0.0,0,2,1,0,0,2,0,0,0,1,1,1,0,1,0,0,0,0,0,0,0,0,0,0,0,0,0,0,0,2,0,0,0,1,0,1,0,2,0,0,0,0,0,0,0,0,0,0,0
2,2006.0,23.0,981.0,0.0,0,0,1,1,0,0,4,4,0,1,0,1,1,1,0,0,1,0,0,0,0,0,0,0,0,0,1,0,0,0,0,3,0,3,0,0,2,0,0,0,0,0,0,0,0,0,0,0,0
2,2007.0,61.0,1026.0,0.0,0,1,1,5,2,4,1,0,0,0,0,0,0,1,0,0,0,0,0,0,0,0,0,0,0,1,2,2,4,3,3,0,0,0,0,0,0,0,0,0,0,0,0,0,0,0,0,0,0
2,2008.0,60.0,1112.0,0.0,0,4,0,2,3,2,0,0,3,2,0,0,1,1,0,0,0,0,0,0,0,0,0,0,0,0,0,0,4,1,0,0,4,1,0,0,0,0,0,0,0,0,0,0,0,0,0,0,0
2,2009.0,19.0,893.0,0.0,0,1,0,0,2,1,2,0,0,2,4,1,0,0,1,0,0,0,1,0,0,0,0,0,0,0,0,0,0,0,0,0,0,1,4,0,0,0,3,0,0,0,0,0,0,0,0,0,0
2,2010.0,6.0,269.0,0.0,0,0,0,0,0,0,0,1,1,0,1,0,0,0,0,0,1,0,0,0,0,0,0,0,0,0,0,0,0,0,0,0,0,0,1,0,0,0,0,0,0,0,0,0,0,0,0,0,0
2,2011.0,34.0,499.0,0.0,0,0,1,0,0,0,1,2,0,1,0,2,0,0,0,0,0,0,0,0,0,0,0,0,0,0,0,0,0,0,0,0,0,0,0,0,0,0,0,0,0,0,0,0,0,0,0,0,0
3,2006.0,4.0,662.0,0.0,0,0,0,0,0,0,2,0,2,1,3,0,0,1,0,0,0,0,0,0,0,0,0,0,0,0,0,0,0,0,0,0,0,1,0,0,0,1,0,0,0,0,0,0,0,0,0,0,0
3,2007.0,20.0,965.0,0.0,0,0,0,1,0,3,3,0,1,2,0,2,0,0,0,2,0,0,0,0,0,0,0,0,0,0,0,1,0,1,1,0,1,2,0,1,0,0,0,1,0,0,0,0,0,0,0,0,0
3,2008.0,17.0,1068.0,0.0,0,1,1,0,0,0,0,3,1,2,1,2,0,3,1,1,0,0,0,0,0,0,0,0,0,0,0,0,0,0,0,2,1,0,1,0,0,2,3,1,0,0,0,0,0,0,0,0,0
3,2009.0,34.5,941.0,0.0,0,0,0,2,4,2,0,3,2,0,1,0,0,0,1,1,0,0,0,0,0,0,0,0,0,0,0,1,2,1,0,0,4,0,0,0,0,0,1,0,0,0,0,0,0,0,0,0,0
3,2010.0,142.0,1029.0,0.0,0,0,3,1,5,3,1,1,0,1,0,0,1,0,0,0,0,0,0,0,0,0,0,0,0,0,0,1,3,5,2,1,0,1,0,0,1,0,0,0,0,0,0,0,0,0,0,0,0
3,2011.0,89.0,1036.0,0.0,0,0,0,0,2,4,5,1,1,1,2,1,0,0,0,0,0,0,0,0,0,0,0,0,0,0,0,0,1,3,9,0,2,0,0,0,0,0,0,0,0,0,0,0,0,0,0,0,0
3,2012.0,93.0,1036.0,1.0,1,1,0,0,2,2,2,0,0,2,2,1,2,0,2,0,0,0,0,0,0,0,0,0,1,1,0,0,2,3,3,0,0,2,1,0,1,0,0,0,0,0,0,0,0,0,0,0,0
3,2013.0,171.0,1058.0,2.0,2,1,1,3,2,2,1,1,3,0,0,0,0,0,0,0,0,0,1,0,0,0,0,0,3,4,1,5,0,4,0,0,0,0,0,0,0,0,0,0,0,0,0,0,0,0,0,0,0
3,2014.0,317.0,1062.0,5.0,5,10,0,1,0,0,0,0,0,0,0,0,0,1,0,0,0,0,0,0,0,0,0,0,11,4,0,1,0,0,0,0,0,0,0,0,0,0,0,0,0,0,0,0,0,0,0,0,0
3,2015.0,322.0,1100.0,6.0,6,7,2,1,0,0,0,1,0,0,0,0,0,0,0,0,1,0,0,0,0,0,0,0,7,8,2,1,0,0,0,0,0,0,0,0,0,0,0,0,0,0,0,0,0,0,0,0,0
3,2016.0,385.0,1202.0,9.0,9,5,2,2,1,0,1,0,0,0,0,0,0,0,0,0,0,0,0,0,0,0,0,0,8,11,0,0,0,0,0,0,0,0,0,0,0,0,0,0,0,0,0,0,0,0,0,0,0
4,2001.0,0.0,36.0,0.0,0,0,0,0,0,0,0,0,0,0,0,0,0,0,0,0,0,0,0,0,0,0,0,0,0,0,0,0,0,0,0,0,0,0,0,0,0,0,0,0,0,0,0,0,0,0,0,0,0
4,2003.0,55.0,892.0,1.0,1,1,2,3,1,1,1,1,0,0,0,0,0,0,0,0,0,0,0,0,0,0,0,0,2,0,1,1,1,1,1,5,0,0,0,0,0,0,0,0,0,0,0,0,0,0,0,0,0
4,2004.0,59.0,949.0,0.0,0,1,3,4,2,1,1,0,0,1,0,0,0,0,0,0,0,0,0,0,0,0,0,0,0,0,2,1,4,3,0,0,0,0,0,0,0,0,0,0,0,0,0,0,0,0,0,0,0
4,2005.0,133.0,1074.0,7.0,7,5,3,1,0,0,0,0,0,0,1,0,0,0,0,0,0,0,0,0,0,0,0,0,6,3,4,1,0,0,0,0,0,0,0,0,0,0,0,0,0,0,0,0,0,0,0,0,0
4,2006.0,134.0,1108.0,7.0,7,7,0,0,2,0,0,0,0,0,0,0,0,0,0,0,0,0,0,0,0,0,0,0,6,0,0,0,3,0,0,0,0,0,0,0,0,0,0,0,0,0,0,0,0,0,0,0,0
4,2007.0,109.0,1039.0,4.0,4,4,4,1,1,0,2,0,0,0,0,0,0,0,0,0,0,0,0,0,0,0,0,0,2,7,2,4,0,0,0,0,0,0,0,0,0,0,0,0,0,0,0,0,0,0,0,0,0
4,2008.0,61.0,1000.0,2.0,2,1,0,5,0,2,0,2,0,2,1,0,0,0,0,0,0,0,0,0,0,0,0,0,0,1,0,3,0,3,0,1,0,1,1,0,0,0,0,0,0,0,0,0,0,0,0,0,0
4,2009.0,26.0,843.0,0.0,0,0,1,0,3,1,2,1,1,2,1,0,0,2,0,0,0,0,0,0,0,0,0,0,0,0,0,0,1,0,1,4,2,2,0,0,0,0,0,0,0,0,0,0,0,0,0,0,0
4,2010.0,252.0,1120.0,5.0,5,2,3,2,0,1,1,2,0,0,0,0,1,1,0,0,0,0,0,0,0,0,0,0,2,1,8,3,0,0,0,0,0,0,0,0,0,0,0,0,0,0,0,0,0,0,0,0,0
4,2011.0,257.0,1098.0,1.0,1,5,4,4,2,1,1,0,0,0,0,0,0,0,0,0,0,0,0,0,0,0,0,0,0,1,2,5,9,1,0,0,0,0,0,0,0,0,0,0,0,0,0,0,0,0,0,0,0
4,2012.0,278.0,1095.0,3.0,3,5,5,0,3,0,1,0,1,0,0,0,0,0,0,0,0,0,0,0,0,0,0,0,2,1,1,0,3,0,2,0,2,0,0,0,0,0,0,0,0,0,0,0,0,0,0,0,0
4,2013.0,242.0,1076.0,2.0,2,5,2,2,3,1,1,1,0,0,1,0,0,0,0,0,0,0,0,0,0,0,0,0,0,0,4,0,5,3,1,3,0,0,0,0,0,0,0,0,0,0,0,0,0,0,0,0,0
4,2014.0,161.0,1067.0,0.0,0,1,1,4,2,6,1,0,2,0,0,0,0,0,0,0,0,0,0,0,0,0,0,0,0,0,0,3,6,1,5,0,1,0,0,0,0,0,0,0,0,0,0,0,0,0,0,0,0
4,2015.0,11.0,770.0,0.0,0,0,0,0,1,0,0,0,0,1,4,1,1,0,1,0,1,1,0,0,0,0,0,0,0,0,0,0,0,0,0,0,0,0,0,2,3,0,1,0,1,3,0,0,0,0,0,0,0
4,2016.0,54.0,1081.0,0.0,0,0,0,0,2,1,3,0,0,2,1,2,2,1,0,1,0,1,0,0,0,0,0,0,0,0,0,0,0,0,1,0,0,3,3,2,2,2,0,0,0,0,0,0,0,0,0,0,0
4,2017.0,17.0,830.0,0.0,0,0,0,0,0,1,0,1,2,1,2,1,0,1,0,1,1,0,0,0,0,0,0,0,0,0,0,0,0,1,0,2,0,2,1,3,0,0,0,0,0,0,0,0,0,0,0,0,0
4,2018.0,50.0,985.0,0.0,0,0,0,0,1,0,4,4,0,0,1,0,0,2,0,2,1,0,0,0,0,0,0,0,0,0,0,0,0,0,1,1,0,0,3,0,0,1,0,2,1,0,0,0,0,0,0,0,0
4,2021.0,81.0,1257.0,0.0,0,0,1,1,0,3,1,4,3,2,1,0,2,0,0,1,1,0,0,0,0,0,0,0,0,0,1,0,0,1,1,2,4,2,1,0,2,0,0,0,1,0,0,0,0,0,0,0,0
4,2022.0,81.0,1118.0,0.0,0,0,0,0,3,2,4,1,3,1,1,0,0,0,0,0,1,0,1,0,0,0,0,0,0,0,0,0,1,2,5,1,2,3,1,0,0,0,0,0,1,0,1,0,0,0,0,0,0
5,2007.0,30.0,1023.0,0.0,0,1,0,1,1,1,3,4,2,1,0,0,1,0,1,0,0,0,0,0,0,0,0,0,0,0,0,0,0,2,4,1,1,0,0,0,2,0,1,0,0,0,0,0,0,0,0,0,0
5,2008.0,53.0,1011.0,1.0,1,1,1,2,4,0,1,1,1,2,0,1,0,0,0,0,0,0,0,0,0,0,0,0,1,3,4,1,5,0,1,1,0,1,0,0,0,0,0,0,0,0,0,0,0,0,0,0,0
5,2009.0,22.0,788.0,0.0,0,0,0,1,2,2,1,1,1,0,2,1,0,1,0,0,0,0,0,0,0,0,0,0,0,0,0,1,0,2,1,1,0,0,2,1,0,1,0,0,0,0,0,0,0,0,0,0,0
5,2010.0,0.0,926.0,0.0,0,0,0,0,0,0,0,0,0,0,0,1,2,2,1,3,2,2,0,0,0,0,0,0,0,0,0,0,0,0,0,0,0,0,0,0,1,0,1,0,0,4,0,0,0,0,0,0,0
5,2011.0,0.0,948.0,0.0,0,0,0,0,0,0,0,0,0,0,0,0,1,3,2,4,1,1,2,0,0,0,0,0,0,0,0,0,0,0,0,0,0,0,0,0,0,0,1,1,3,5,8,0,0,0,0,0,0
5,2012.0,0.0,1153.0,0.0,0,0,0,0,0,0,0,0,0,0,0,0,2,3,2,1,5,4,1,0,0,0,1,0,0,0,0,0,0,0,0,0,0,0,0,0,0,0,0,3,4,4,5,0,0,0,0,0,0
5,2013.0,0.0,126.0,0.0,0,0,0,0,0,0,0,0,0,0,0,0,0,1,1,0,0,0,0,0,0,0,0,0,0,0,0,0,0,0,0,0,0,0,0,0,0,0,0,0,0,0,0,0,0,0,0,0,0
6,2007.0,0.0,70.0,0.0,0,0,0,0,0,0,0,0,0,1,0,0,0,0,0,0,0,0,0,0,0,0,0,0,0,0,0,0,0,0,0,0,0,0,0,0,0,0,0,0,0,0,0,0,0,0,0,0,0
6,2008.0,9.0,1024.0,0.0,0,0,0,0,0,1,2,2,0,0,0,2,1,3,3,0,2,0,0,0,0,0,0,0,0,0,0,0,0,0,0,0,0,0,0,2,2,1,2,0,1,0,0,0,0,0,0,0,0
6,2009.0,0.0,861.0,0.0,0,0,0,0,0,0,0,0,2,1,1,3,3,0,2,0,0,1,0,0,0,0,0,0,0,0,0,0,0,0,0,0,2,2,2,2,2,0,1,0,0,1,0,0,0,0,0,0,0
7,2008.0,4.0,887.0,0.0,0,0,0,0,0,0,2,0,0,2,1,2,2,1,1,0,1,2,0,0,0,0,0,0,0,0,0,0,0,0,0,0,0,2,0,0,1,1,2,0,2,2,0,0,0,0,0,0,0
7,2009.0,2.0,392.0,0.0,0,0,0,0,0,0,0,2,0,1,1,0,1,0,0,0,0,1,0,0,0,0,0,0,0,0,0,0,0,0,0,0,0,0,0,0,0,0,0,0,0,0,0,0,0,0,0,0,0
8,2001.0,9.0,2.0,0.0,0,0,0,0,0,0,0,0,0,0,0,0,0,0,0,0,0,0,0,0,0,0,0,0,0,0,0,0,0,0,0,0,0,0,0,0,0,0,0,0,0,0,0,0,0,0,0,0,0
8,2002.0,24.0,77.0,0.0,0,0,1,0,0,0,0,0,0,0,0,0,0,0,0,0,0,0,0,0,0,0,0,0,0,0,0,0,0,0,0,0,0,0,0,0,0,0,0,0,0,0,0,0,0,0,0,0,0
8,2003.0,91.0,851.0,1.0,1,7,2,2,0,1,0,0,0,0,0,0,0,0,0,0,0,0,0,0,0,0,0,0,2,2,1,3,0,1,0,0,0,0,0,0,0,0,0,0,0,0,0,0,0,0,0,0,0
8,2004.0,45.0,696.0,1.0,1,2,1,0,1,2,1,1,0,0,1,0,0,0,0,0,0,0,0,0,0,0,0,0,1,1,2,0,1,0,2,1,0,0,0,0,0,0,0,0,0,0,0,0,0,0,0,0,0
8,2005.0,112.0,1018.0,7.0,7,3,2,1,0,0,0,1,1,0,1,0,0,0,0,0,0,0,0,0,0,0,0,0,5,2,1,1,0,0,0,0,1,0,1,0,0,0,0,0,0,0,0,0,0,0,0,0,0
8,2006.0,65.0,840.0,0.0,0,2,4,1,5,0,0,0,0,0,0,0,0,0,0,0,0,0,0,0,0,0,0,0,0,2,2,1,2,0,0,0,0,0,0,0,0,0,0,0,0,0,0,0,0,0,0,0,0
8,2007.0,110.0,982.0,6.0,6,2,4,1,1,0,0,1,0,0,0,0,0,0,0,0,0,0,0,0,0,0,0,0,3,2,8,2,1,0,0,0,0,0,0,0,0,0,0,0,0,0,0,0,0,0,0,0,0
8,2008.0,75.0,1042.0,2.0,2,2,5,1,0,1,0,1,2,0,0,0,0,0,1,0,0,1,0,0,0,0,0,0,2,4,4,4,0,2,0,0,0,0,0,0,0,0,1,0,0,0,0,0,0,0,0,0,0
8,2009.0,48.0,910.0,1.0,1,1,3,1,0,2,0,1,1,2,0,1,0,1,1,0,0,0,0,0,0,0,0,0,0,1,1,0,0,3,0,1,2,1,0,1,0,0,0,0,0,0,0,0,0,0,0,0,0
8,2012.0,207.0,1191.0,1.0,1,3,3,0,4,3,2,1,1,1,0,0,0,1,0,0,0,0,0,0,0,0,0,0,0,0,1,0,3,1,3,2,0,2,0,0,0,0,0,0,0,0,0,0,0,0,0,0,0
8,2013.0,183.0,929.0,1.0,1,6,1,0,2,0,2,0,1,1,1,0,0,0,0,0,0,0,0,0,0,0,0,0,0,1,0,0,1,0,1,0,2,2,1,0,0,0,0,0,0,0,0,0,0,0,0,0,0
8,2014.0,55.0,1076.0,0.0,0,0,0,1,0,1,3,2,2,4,1,3,1,0,0,0,0,0,0,0,0,0,0,0,0,0,0,0,0,3,2,4,0,3,3,1,0,0,0,0,0,0,0,0,0,0,0,0,0
8,2015.0,150.0,964.0,0.0,0,1,2,5,2,1,1,2,0,0,0,0,0,0,0,0,0,0,0,0,0,0,0,0,0,1,3,2,4,3,1,0,0,0,0,0,0,0,0,0,0,0,0,0,0,0,0,0,0
8,2016.0,186.0,1094.0,0.0,0,2,2,4,3,5,0,0,1,0,0,0,0,0,0,0,0,0,0,0,0,0,0,0,0,0,4,6,5,3,0,0,0,0,0,0,0,0,0,0,0,0,0,0,0,0,0,0,0
8,2017.0,205.0,1011.0,0.0,0,2,5,4,4,0,1,0,0,0,0,0,0,1,0,0,0,0,0,0,0,0,0,0,0,3,3,4,5,0,0,0,0,0,0,0,0,0,0,0,0,0,0,0,0,0,0,0,0
8,2018.0,251.0,1116.0,1.0,1,3,8,2,2,1,0,0,0,0,0,0,0,0,0,0,0,0,0,0,0,0,0,0,1,4,4,6,2,4,0,0,0,0,0,0,0,0,0,0,0,0,0,0,0,0,0,0,0
8,2019.0,43.0,1224.0,0.0,0,0,0,1,0,0,3,2,2,1,1,2,2,1,2,1,1,0,0,0,0,0,0,0,0,0,0,0,0,0,0,2,1,1,0,3,2,3,1,1,2,0,0,0,0,0,0,0,0
8,2020.0,4.0,1009.0,0.0,0,0,0,0,0,0,0,0,2,0,2,3,1,3,4,0,1,0,0,0,0,0,0,0,0,0,0,0,0,0,0,0,0,0,0,0,1,2,1,0,1,0,0,0,0,0,0,0,0
8,2021.0,10.0,1061.0,0.0,0,0,0,0,0,0,0,2,0,2,3,3,2,1,3,0,1,1,0,0,0,0,0,0,0,0,0,0,0,0,0,0,0,1,0,1,3,3,2,0,3,2,0,0,0,0,0,0,0
9,2006.0,6.0,289.0,0.0,0,0,1,0,0,0,0,0,2,0,0,1,1,0,0,0,0,0,0,0,0,0,0,0,0,0,0,0,0,0,0,0,2,0,0,1,0,0,0,0,0,0,0,0,0,0,0,0,0
9,2007.0,39.0,865.0,0.0,0,0,0,3,4,1,2,1,1,0,0,0,0,0,0,0,0,1,0,0,0,0,0,0,0,0,0,1,4,2,3,2,2,0,0,0,0,0,0,0,0,0,0,0,0,0,0,0,0
9,2008.0,75.0,1037.0,1.0,1,3,3,2,1,2,1,1,0,0,2,0,0,0,0,0,0,0,0,0,0,0,0,0,1,1,1,4,3,1,1,1,0,0,2,0,0,0,0,0,0,0,0,0,0,0,0,0,0
9,2009.0,17.0,864.0,0.0,0,1,0,1,0,0,1,2,1,1,1,0,3,2,0,0,0,1,0,0,0,0,0,0,0,0,0,1,0,0,2,1,1,3,0,0,2,0,0,0,0,1,0,0,0,0,0,0,0
9,2010.0,136.0,996.0,0.0,0,1,2,1,4,1,3,2,1,0,1,0,0,0,0,0,0,0,0,0,0,0,0,0,0,1,2,0,0,3,4,5,3,0,1,0,0,0,0,0,0,0,0,0,0,0,0,0,0
9,2019.0,1.0,1179.0,0.0,0,0,0,0,0,0,0,0,0,1,0,0,0,0,1,5,4,5,2,1,0,0,0,0,0,0,0,0,0,0,0,0,0,0,0,0,0,0,1,0,2,4,6,5,0,0,0,0,0
9,2021.0,0.0,123.0,0.0,0,0,0,0,0,0,0,0,0,0,0,0,0,1,1,0,0,0,0,0,0,0,0,0,0,0,0,0,0,0,0,0,0,0,0,0,0,0,0,0,0,0,0,0,0,0,0,0,0
10,2004.0,2.0,243.0,0.0,0,0,0,0,0,0,1,0,0,0,0,0,0,0,3,0,0,0,0,0,0,0,0,0,0,0,0,0,0,0,0,0,0,0,0,0,0,0,0,0,0,0,0,0,0,0,0,0,0
10,2008.0,25.0,906.0,0.0,0,1,0,2,0,1,2,0,2,0,3,2,1,0,0,0,0,0,0,0,0,0,0,0,0,0,0,0,0,0,1,0,1,0,2,2,3,0,0,0,0,0,0,0,0,0,0,0,0
10,2009.0,24.0,807.0,0.0,0,1,1,1,0,1,2,1,2,3,1,0,0,1,0,0,0,0,0,0,0,0,0,0,0,1,1,0,0,2,1,1,0,0,0,0,0,0,0,0,0,0,0,0,0,0,0,0,0
10,2010.0,0.0,827.0,0.0,0,0,0,0,0,0,0,0,0,0,0,0,0,1,0,1,1,5,1,1,0,0,0,0,0,0,0,0,0,0,0,0,0,0,0,0,0,0,0,1,1,2,3,2,0,0,0,0,0
10,2011.0,0.0,831.0,0.0,0,0,0,0,0,0,0,0,0,0,0,0,0,0,1,3,2,2,2,1,2,0,0,0,0,0,0,0,0,0,0,0,0,0,0,0,0,0,0,0,0,0,3,4,8,0,0,0,0
10,2012.0,0.0,1098.0,0.0,0,0,0,0,0,0,0,0,0,0,0,1,0,3,1,2,2,3,3,1,2,1,0,0,0,0,0,0,0,0,0,0,0,0,0,0,0,0,0,0,0,1,3,7,5,2,0,0,0
11,2002.0,2.0,107.0,0.0,0,0,0,0,1,0,0,0,1,0,0,0,0,0,0,0,0,0,0,0,0,0,0,0,0,0,0,0,0,0,0,0,0,0,0,0,0,0,0,0,0,0,0,0,0,0,0,0,0
11,2003.0,3.0,53.0,0.0,0,0,0,0,0,1,0,0,0,0,0,0,0,0,0,0,0,0,0,0,0,0,0,0,0,0,0,0,0,0,0,0,0,0,0,0,0,0,0,0,0,0,0,0,0,0,0,0,0
11,2004.0,34.0,901.0,0.0,0,0,1,2,2,3,0,1,1,0,1,0,0,0,1,1,0,0,0,0,0,0,0,0,0,0,3,1,2,1,0,2,0,0,0,0,0,0,0,0,0,0,0,0,0,0,0,0,0
11,2005.0,1.0,783.0,0.0,0,0,0,0,0,0,0,1,1,1,1,2,0,0,0,2,0,0,0,0,0,0,0,0,0,0,0,0,0,0,0,1,0,2,0,0,0,0,0,1,0,0,0,0,0,0,0,0,0
11,2006.0,0.0,857.0,0.0,0,0,0,0,0,0,0,0,0,1,0,1,1,1,2,1,2,1,0,0,0,0,0,0,0,0,0,0,0,0,0,0,0,0,0,0,0,0,0,0,2,1,0,0,0,0,0,0,0
11,2007.0,4.0,923.0,0.0,0,0,0,0,0,1,0,1,0,0,0,2,1,2,3,2,1,1,0,0,0,0,0,0,0,0,0,0,0,0,0,0,0,0,0,0,1,1,0,1,3,3,0,0,0,0,0,0,0
11,2008.0,0.0,175.0,0.0,0,0,0,0,0,0,0,0,0,0,0,0,1,0,0,1,1,0,0,0,0,0,0,0,0,0,0,0,0,0,0,0,0,0,0,0,0,0,0,0,0,0,0,0,0,0,0,0,0
12,2008.0,19.0,750.0,0.0,0,1,0,1,0,1,1,1,0,1,2,0,0,0,1,0,0,0,0,0,0,0,0,0,0,0,0,0,0,0,1,0,0,3,0,0,0,0,2,0,0,0,0,0,0,0,0,0,0
12,2009.0,0.0,463.0,0.0,0,0,0,0,0,0,0,0,0,1,0,3,2,0,0,2,0,0,0,0,0,0,0,0,0,0,0,0,0,0,0,0,0,1,0,2,0,0,0,1,0,0,0,0,0,0,0,0,0
13,2002.0,4.0,58.0,0.0,0,0,0,0,0,1,0,0,0,0,0,0,0,0,0,0,0,0,0,0,0,0,0,0,0,0,0,0,0,0,0,0,0,0,0,0,0,0,0,0,0,0,0,0,0,0,0,0,0
13,2004.0,12.0,925.0,0.0,0,0,0,1,1,0,0,3,4,1,0,2,2,0,0,0,0,0,0,0,0,0,0,0,0,0,0,2,0,0,0,1,0,1,0,1,1,0,0,0,0,0,0,0,0,0,0,0,0
13,2005.0,11.0,1019.0,0.0,0,0,0,1,0,1,1,1,2,6,2,0,0,2,0,0,0,0,0,0,0,0,0,0,0,0,0,0,0,0,1,2,1,2,4,0,0,2,0,0,0,0,0,0,0,0,0,0,0
13,2006.0,80.0,1066.0,2.0,2,3,2,2,3,0,1,0,3,0,0,0,0,0,0,0,0,0,0,0,0,0,0,0,3,4,2,4,0,0,0,0,0,0,0,0,0,0,0,0,0,0,0,0,0,0,0,0,0
13,2007.0,94.0,1002.0,3.0,3,4,3,0,2,2,0,0,0,0,0,0,1,0,0,0,0,0,0,0,0,0,0,0,6,1,5,0,1,0,0,0,0,0,0,0,0,0,0,0,0,0,0,0,0,0,0,0,0
13,2008.0,97.0,998.0,6.0,6,2,2,0,1,1,1,0,0,0,0,0,2,0,0,0,1,0,0,0,0,0,0,0,5,4,3,0,1,2,0,0,0,0,0,0,0,0,0,0,0,0,0,0,0,0,0,0,0
13,2009.0,22.0,429.0,0.0,0,0,1,2,0,2,0,0,1,0,0,0,0,1,0,0,0,0,0,0,0,0,0,0,0,0,0,1,0,0,0,0,0,0,0,0,0,0,0,0,0,0,0,0,0,0,0,0,0
13,2010.0,144.0,1074.0,0.0,0,2,3,3,0,1,2,1,1,1,1,0,0,0,3,0,0,0,0,0,0,0,0,0,0,1,2,2,0,4,2,1,2,0,0,0,0,0,0,0,0,0,0,0,0,0,0,0,0
13,2011.0,118.0,1050.0,0.0,0,0,0,0,6,5,2,1,1,0,1,0,0,0,0,0,0,0,0,0,0,0,0,0,0,0,0,0,3,6,2,2,0,0,0,0,0,0,0,0,0,0,0,0,0,0,0,0,0
13,2012.0,122.0,1178.0,0.0,0,1,1,4,1,2,1,1,2,1,0,1,1,0,2,1,0,0,0,0,0,0,0,0,0,0,1,0,2,3,2,1,0,1,0,2,3,0,0,2,0,0,0,0,0,0,0,0,0
13,2013.0,112.0,1023.0,0.0,0,0,1,3,1,3,2,3,1,1,0,0,1,0,1,0,0,0,0,0,0,0,0,0,0,0,0,3,3,2,3,0,2,1,0,0,1,0,0,0,0,0,0,0,0,0,0,0,0
13,2014.0,134.0,954.0,0.0,0,1,2,2,2,0,4,0,0,0,1,1,2,0,1,0,0,0,0,0,0,0,0,0,0,0,1,4,1,0,1,0,0,0,0,0,1,0,0,0,0,0,0,0,0,0,0,0,0
13,2015.0,121.0,1080.0,0.0,0,0,2,3,1,5,0,1,0,1,0,1,0,0,1,0,1,0,0,0,0,0,0,0,0,0,2,2,2,2,0,3,0,0,0,1,0,0,2,0,0,0,0,0,0,0,0,0,0
13,2016.0,53.0,1161.0,0.0,0,0,0,0,2,1,1,2,4,3,1,1,1,0,0,0,0,1,0,1,0,0,0,0,0,0,0,0,1,1,1,1,2,5,2,2,1,0,0,0,0,2,0,0,0,0,0,0,0
13,2017.0,43.0,1019.0,0.0,0,0,0,0,0,2,1,2,5,3,2,0,1,1,0,0,0,0,0,0,0,0,0,0,0,0,0,0,0,2,2,2,3,3,1,0,0,2,0,0,0,0,0,0,0,0,0,0,0
14,1996.0,10.0,258.0,0.0,0,1,1,0,0,0,1,0,0,0,0,0,0,0,0,0,0,0,0,0,0,0,0,0,0,0,0,0,0,0,0,0,0,0,0,0,0,0,0,0,0,0,0,0,0,0,0,0,0
14,1997.0,14.0,417.0,1.0,1,0,0,1,0,1,2,0,0,1,0,0,0,0,0,0,0,0,0,0,0,0,0,0,0,0,0,1,0,1,0,0,0,1,0,0,0,0,0,0,0,0,0,0,0,0,0,0,0
14,1998.0,48.0,394.0,1.0,0,4,0,0,0,1,1,0,0,0,0,0,0,0,0,0,0,0,0,0,0,0,0,0,0,4,0,0,0,0,0,0,0,0,0,0,0,0,0,0,0,0,0,0,0,0,0,0,0
14,1999.0,6.0,62.0,0.0,0,1,0,0,0,0,0,0,0,0,0,0,0,0,0,0,0,0,0,0,0,0,0,0,0,1,0,0,0,0,0,0,0,0,0,0,0,0,0,0,0,0,0,0,0,0,0,0,0
14,2000.0,67.0,175.0,3.0,1,0,2,0,0,0,0,0,0,0,0,0,0,0,0,0,0,0,0,0,0,0,0,0,0,0,2,0,0,0,0,0,0,0,0,0,0,0,0,0,0,0,0,0,0,0,0,0,0
14,2001.0,61.0,73.0,2.0,0,0,1,0,0,0,0,0,0,0,0,0,0,0,0,0,0,0,0,0,0,0,0,0,0,0,0,0,0,0,0,0,0,0,0,0,0,0,0,0,0,0,0,0,0,0,0,0,0
14,2002.0,41.0,7.0,1.0,0,0,0,0,0,0,0,0,0,0,0,0,0,0,0,0,0,0,0,0,0,0,0,0,0,0,0,0,0,0,0,0,0,0,0,0,0,0,0,0,0,0,0,0,0,0,0,0,0
14,2003.0,51.0,853.0,1.0,1,1,1,1,5,0,1,0,0,0,0,0,0,0,1,0,0,0,0,0,0,0,0,0,0,1,0,1,1,0,1,0,0,0,0,0,0,0,0,0,0,0,0,0,0,0,0,0,0
14,2004.0,24.0,983.0,0.0,0,0,0,1,0,4,3,1,2,1,1,1,0,0,0,0,0,0,0,0,0,0,0,0,0,0,0,2,0,1,0,2,3,3,1,4,0,0,0,0,0,0,0,0,0,0,0,0,0
14,2005.0,24.0,878.0,0.0,0,0,0,2,0,2,3,2,1,1,1,0,1,0,1,0,0,0,0,0,0,0,0,0,0,0,0,0,0,1,2,1,1,1,2,0,1,0,1,0,0,0,0,0,0,0,0,0,0
14,2006.0,14.0,932.0,0.0,0,0,1,0,1,0,1,2,2,1,1,2,0,1,1,0,0,0,0,0,0,0,0,0,0,0,0,0,0,0,1,0,1,1,2,3,0,2,0,0,0,0,0,0,0,0,0,0,0
14,2007.0,14.0,714.0,0.0,0,0,0,1,2,0,0,1,1,1,2,0,1,1,0,0,0,0,0,0,0,0,0,0,0,0,0,0,1,0,0,0,2,1,1,0,2,1,0,0,0,0,0,0,0,0,0,0,0
14,2008.0,8.0,787.0,0.0,0,0,1,0,0,0,1,0,3,1,2,1,1,0,0,1,1,1,0,0,0,0,0,0,0,0,0,0,0,0,1,0,0,2,0,1,3,0,0,0,3,0,0,0,0,0,0,0,0
15,1997.0,3.0,471.0,0.0,0,0,0,1,0,0,0,1,2,1,0,1,0,0,1,0,0,0,0,0,0,0,0,0,0,0,0,0,0,0,0,0,0,0,0,0,0,0,0,0,0,0,0,0,0,0,0,0,0
15,1998.0,1.0,263.0,0.0,0,0,0,0,0,1,0,0,0,1,1,1,0,0,0,0,0,0,0,0,0,0,0,0,0,0,0,0,0,0,0,0,0,0,0,0,0,0,0,0,0,0,0,0,0,0,0,0,0
15,2000.0,6.0,170.0,0.0,0,0,0,0,0,1,0,0,0,0,0,0,1,0,1,0,0,0,0,0,0,0,0,0,0,0,0,0,0,0,0,0,0,0,0,0,0,0,1,0,0,0,0,0,0,0,0,0,0
15,2001.0,12.0,73.0,0.0,0,0,0,1,0,0,0,0,0,0,0,0,0,0,0,0,0,0,0,0,0,0,0,0,0,0,0,0,0,0,0,0,0,0,0,0,0,0,0,0,0,0,0,0,0,0,0,0,0
15,2002.0,9.0,32.0,0.0,0,0,0,0,0,0,0,0,0,0,0,0,0,0,0,0,0,0,0,0,0,0,0,0,0,0,0,0,0,0,0,0,0,0,0,0,0,0,0,0,0,0,0,0,0,0,0,0,0
15,2003.0,33.0,800.0,0.0,0,0,1,1,3,2,1,2,0,0,0,0,1,0,0,0,0,0,0,0,0,0,0,0,0,0,0,2,1,4,0,1,0,0,0,0,0,0,0,0,0,0,0,0,0,0,0,0,0
15,2004.0,46.0,943.0,1.0,1,0,1,4,2,0,1,0,1,1,2,1,0,0,0,0,0,0,0,0,0,0,0,0,2,0,1,1,2,0,1,0,5,0,0,0,0,0,0,0,0,0,0,0,0,0,0,0,0
15,2005.0,43.0,1037.0,0.0,0,2,1,1,3,1,0,1,2,1,0,0,1,1,1,0,0,0,0,0,0,0,0,0,0,3,3,2,5,0,0,0,2,0,0,0,0,0,0,0,0,0,0,0,0,0,0,0,0
15,2006.0,15.0,895.0,0.0,0,0,0,1,0,2,2,0,3,1,1,1,0,0,0,1,1,0,0,0,0,0,0,0,0,0,0,3,0,1,2,0,2,0,1,1,0,0,0,0,1,0,0,0,0,0,0,0,0
15,2007.0,8.0,902.0,0.0,0,0,0,0,0,1,2,1,1,1,2,0,3,0,1,1,0,0,0,0,0,0,0,0,0,0,0,0,0,1,0,8,3,2,0,0,1,0,0,0,0,0,0,0,0,0,0,0,0
15,2008.0,31.0,991.0,0.0,0,0,1,1,2,2,2,2,1,1,0,0,2,0,0,1,0,0,0,0,0,0,0,0,0,0,1,2,0,0,5,3,1,0,0,0,0,0,0,0,0,0,0,0,0,0,0,0,0
15,2009.0,32.5,788.0,0.0,0,1,2,2,0,0,2,1,0,0,0,1,2,1,0,0,1,0,0,0,0,0,0,0,0,3,0,1,0,0,0,0,0,0,0,0,0,2,0,0,0,0,0,0,0,0,0,0,0
15,2010.0,0.0,821.0,0.0,0,0,0,0,0,0,0,0,0,0,0,0,1,0,2,1,3,0,2,0,2,0,0,0,0,0,0,0,0,0,0,0,0,0,0,0,0,0,1,0,2,0,5,0,2,0,0,0,0
15,2011.0,0.0,915.0,0.0,0,0,0,0,0,0,0,0,0,0,0,0,2,2,0,0,2,4,3,1,0,0,0,0,0,0,0,0,0,0,0,0,0,0,0,0,0,0,0,0,0,5,5,7,0,0,0,0,0
16,2007.0,1.0,753.0,0.0,0,0,0,0,0,0,0,1,0,0,0,0,1,2,1,0,3,0,1,0,1,0,0,0,0,0,0,0,0,0,0,0,0,0,0,0,0,0,0,0,0,0,3,0,7,0,0,0,0
16,2008.0,0.0,675.0,0.0,0,0,0,0,0,0,0,0,0,0,0,0,1,0,1,2,0,0,3,0,0,0,0,0,0,0,0,0,0,0,0,0,0,0,0,0,0,0,0,1,0,0,5,0,0,0,0,0,0
16,2009.0,5.0,732.0,0.0,0,0,0,1,0,0,0,0,1,1,1,0,1,1,1,1,5,0,0,0,0,0,0,0,0,0,0,0,0,0,0,0,0,0,1,0,0,0,3,1,2,0,0,0,0,0,0,0,0
16,2010.0,47.0,1002.0,0.0,0,0,0,0,2,1,1,2,2,1,1,2,1,0,0,1,1,0,0,0,0,0,0,0,0,0,0,0,0,0,0,1,1,3,4,1,3,0,0,0,0,0,0,0,0,0,0,0,0
16,2011.0,42.0,1056.0,0.0,0,0,0,0,0,2,2,2,3,0,4,0,2,1,1,0,0,0,0,0,0,0,0,0,0,0,0,0,0,0,0,4,2,0,3,0,0,2,1,0,0,0,0,0,0,0,0,0,0
16,2013.0,29.0,934.0,0.0,0,0,0,0,1,0,2,0,2,3,0,0,4,1,0,1,0,0,0,1,0,0,0,0,0,0,0,0,0,0,0,0,0,0,0,0,3,1,0,0,0,0,0,0,0,0,0,0,0
16,2014.0,0.0,857.0,0.0,0,0,0,0,0,0,0,0,0,0,2,0,3,1,1,3,1,0,0,0,1,0,0,0,0,0,0,0,0,0,0,0,0,0,1,0,4,5,1,3,2,0,0,0,0,0,0,0,0
17,2002.0,2.0,85.0,0.0,0,0,0,0,0,0,0,0,0,1,0,0,0,0,0,0,0,0,0,0,0,0,0,0,0,0,0,0,0,0,0,0,0,0,0,0,0,0,0,0,0,0,0,0,0,0,0,0,0
17,2003.0,17.0,772.0,0.0,0,0,0,0,0,3,4,0,1,0,2,0,0,1,0,0,0,0,0,0,0,0,0,0,0,0,0,0,0,2,0,0,2,0,4,0,0,1,0,0,0,0,0,0,0,0,0,0,0
17,2004.0,7.0,735.0,0.0,0,0,0,0,0,1,1,2,2,2,0,1,1,0,0,0,0,0,0,0,0,0,0,0,0,0,0,0,0,0,0,1,2,1,0,2,0,0,0,0,0,0,0,0,0,0,0,0,0
17,2005.0,36.0,947.0,0.0,0,0,1,2,2,2,3,0,0,0,1,1,0,1,0,0,0,0,0,0,0,0,0,0,0,0,2,2,1,1,2,0,0,0,1,2,0,2,0,0,0,0,0,0,0,0,0,0,0
17,2006.0,7.0,671.0,0.0,0,0,0,0,0,2,0,1,1,2,0,1,0,0,0,0,0,0,0,0,0,0,0,0,0,0,0,0,0,0,0,0,1,2,0,0,0,0,0,0,0,0,0,0,0,0,0,0,0
17,2007.0,10.0,749.0,0.0,0,0,1,0,0,0,2,0,3,2,0,1,1,0,0,0,0,0,0,0,0,0,0,0,0,0,0,0,0,0,4,0,2,1,0,1,0,0,0,0,0,0,0,0,0,0,0,0,0
17,2008.0,21.0,998.0,0.0,0,0,0,1,1,1,3,3,2,1,0,2,0,1,0,0,0,0,0,0,0,0,0,0,0,0,0,0,0,3,2,2,1,1,0,1,0,1,0,0,0,0,0,0,0,0,0,0,0
17,2009.0,69.5,916.0,2.0,2,4,2,0,1,1,0,0,2,0,1,1,0,0,0,0,1,0,0,0,0,0,0,0,1,1,4,0,2,0,0,0,2,0,0,0,0,0,0,0,0,0,0,0,0,0,0,0,0
17,2010.0,242.0,1043.0,4.0,4,4,2,0,1,2,0,3,1,0,0,0,0,0,0,0,0,0,0,0,0,0,0,0,5,7,1,0,2,1,0,0,0,0,0,0,0,0,0,0,0,0,0,0,0,0,0,0,0
17,2011.0,258.0,1084.0,1.0,1,2,7,6,2,0,0,0,0,0,0,0,0,0,0,0,0,0,0,0,0,0,0,0,3,5,4,3,1,0,0,0,0,0,0,0,0,0,0,0,0,0,0,0,0,0,0,0,0
17,2012.0,179.0,1131.0,2.0,2,1,1,6,0,1,1,2,1,0,2,0,0,0,0,0,0,0,0,1,0,0,0,0,2,4,3,2,0,1,1,1,0,0,3,0,0,0,0,0,0,0,0,0,0,0,0,0,0
17,2013.0,199.0,1049.0,0.0,0,5,3,2,2,1,2,0,0,0,0,0,0,0,1,0,0,0,0,0,0,0,0,0,0,3,2,5,2,0,2,0,0,0,0,0,0,0,0,0,0,0,0,0,0,0,0,0,0
18,2000.0,12.0,118.0,0.0,0,0,0,0,2,0,0,0,0,0,0,0,0,0,0,0,0,0,0,0,0,0,0,0,0,0,0,0,1,0,0,0,0,0,0,0,0,0,0,0,0,0,0,0,0,0,0,0,0
18,2001.0,2.0,72.0,0.0,0,0,0,0,0,0,0,0,1,0,0,0,0,0,0,0,0,0,0,0,0,0,0,0,0,0,0,0,0,0,0,0,0,0,0,0,0,0,0,0,0,0,0,0,0,0,0,0,0
18,2002.0,14.0,108.0,0.0,0,0,0,1,0,1,0,0,0,0,0,0,0,0,0,0,0,0,0,0,0,0,0,0,0,0,0,0,0,0,0,0,0,0,0,0,0,0,0,0,0,0,0,0,0,0,0,0,0
18,2003.0,17.0,785.0,0.0,0,0,0,2,0,0,2,3,1,2,0,0,0,0,0,0,0,0,0,0,0,0,0,0,0,0,0,0,0,0,2,1,3,0,0,0,0,0,0,0,0,0,0,0,0,0,0,0,0
18,2004.0,85.0,991.0,0.0,0,4,6,1,2,1,0,1,0,0,0,0,0,0,0,0,0,0,0,0,0,0,0,0,0,2,2,4,3,3,0,0,0,0,0,0,0,0,0,0,0,0,0,0,0,0,0,0,0
18,2005.0,37.0,871.0,0.0,0,0,2,1,4,0,1,2,0,1,0,0,0,0,0,0,0,0,0,0,0,0,0,0,0,0,2,2,0,0,1,3,0,0,0,0,0,0,0,0,0,0,0,0,0,0,0,0,0
18,2006.0,56.0,971.0,1.0,1,0,2,5,1,1,1,0,1,1,1,0,0,0,0,0,0,0,0,0,0,0,0,0,1,0,1,2,1,2,2,0,0,0,0,0,0,0,0,0,0,0,0,0,0,0,0,0,0
18,2007.0,6.0,778.0,0.0,0,0,0,0,1,0,0,2,0,1,2,3,1,0,1,0,0,0,0,0,0,0,0,0,0,0,0,0,0,0,0,0,0,3,0,2,1,0,1,0,0,0,0,0,0,0,0,0,0
18,2008.0,3.0,936.0,0.0,0,0,0,0,0,1,0,0,1,1,3,1,2,1,2,1,1,0,0,0,0,0,0,0,0,0,0,0,0,0,0,0,1,0,2,2,2,1,0,2,3,0,0,0,0,0,0,0,0
18,2009.0,95.0,944.0,6.0,6,1,2,0,3,1,2,1,0,0,0,0,0,0,0,0,0,0,0,0,0,0,0,0,4,1,1,0,3,2,0,1,0,0,0,0,0,0,0,0,0,0,0,0,0,0,0,0,0
18,2010.0,214.0,1023.0,2.0,2,3,2,3,3,0,1,2,0,0,0,1,0,0,0,0,0,0,0,0,0,0,0,0,0,1,0,5,5,0,2,2,0,0,0,0,0,0,0,0,0,0,0,0,0,0,0,0,0
18,2011.0,270.0,1095.0,3.0,3,4,5,2,0,3,0,0,0,0,0,0,0,0,0,0,0,0,0,0,0,0,0,0,0,3,6,3,0,2,0,0,0,0,0,0,0,0,0,0,0,0,0,0,0,0,0,0,0
18,2012.0,188.0,1105.0,3.0,3,3,0,2,2,1,0,1,1,1,0,0,0,1,0,2,0,1,0,0,0,0,0,0,1,4,0,4,2,1,0,1,1,2,0,0,0,0,0,1,0,0,0,0,0,0,0,0,0
18,2013.0,73.0,1126.0,0.0,0,0,0,1,1,3,2,2,2,3,0,2,1,1,0,0,1,0,0,0,0,0,0,0,0,0,0,0,0,1,1,2,3,5,0,1,1,3,0,0,0,0,0,0,0,0,0,0,0
18,2014.0,126.0,1120.0,0.0,0,0,1,4,2,3,0,2,0,1,3,1,0,0,0,0,1,0,0,0,0,0,0,0,0,0,1,1,1,3,0,2,0,3,3,3,0,0,0,0,0,0,0,0,0,0,0,0,0
18,2015.0,16.0,874.0,0.0,0,0,0,0,0,1,0,1,2,0,1,1,0,5,0,2,0,0,0,0,0,0,0,0,0,0,0,0,0,0,0,0,0,0,1,1,0,2,0,3,0,0,0,0,0,0,0,0,0
18,2016.0,21.0,1032.0,0.0,0,0,0,0,0,1,0,1,4,1,1,3,1,1,0,1,0,1,0,0,0,0,0,0,0,0,0,0,0,0,0,1,2,0,0,8,2,2,0,0,0,0,0,0,0,0,0,0,0
18,2017.0,0.0,57.0,0.0,0,0,0,0,0,0,0,0,0,0,0,0,0,0,0,0,0,0,0,0,0,0,0,0,0,0,0,0,0,0,0,0,0,0,0,0,0,0,0,0,0,0,0,0,0,0,0,0,0
19,2005.0,0.0,2.0,0.0,0,0,0,0,0,0,0,0,0,0,0,0,0,0,0,0,0,0,0,0,0,0,0,0,0,0,0,0,0,0,0,0,0,0,0,0,0,0,0,0,0,0,0,0,0,0,0,0,0
19,2007.0,0.0,865.0,0.0,0,0,0,0,0,0,0,0,0,0,3,1,0,3,0,4,0,1,0,0,0,0,0,0,0,0,0,0,0,0,0,0,0,0,2,0,0,2,0,1,0,1,0,0,0,0,0,0,0
19,2008.0,0.0,119.0,0.0,0,0,0,0,0,0,0,0,0,0,0,0,0,0,1,1,0,0,0,0,0,0,0,0,0,0,0,0,0,0,0,0,0,0,0,0,0,0,0,0,0,0,0,0,0,0,0,0,0
20,2007.0,6.0,395.0,0.0,0,0,0,1,0,0,0,1,0,0,0,0,0,0,0,1,0,1,1,0,0,0,0,0,0,0,0,0,0,0,0,1,0,0,0,0,0,0,0,2,0,1,0,0,0,0,0,0,0
20,2008.0,35.0,771.0,1.0,1,0,0,1,3,2,0,2,1,0,0,1,0,0,0,0,1,0,0,0,0,0,0,0,1,0,0,0,0,3,0,0,2,0,0,1,0,0,0,0,0,0,0,0,0,0,0,0,0
20,2009.0,84.0,847.0,4.0,4,2,2,3,0,0,0,1,0,0,0,0,1,0,1,0,0,0,0,0,0,0,0,0,4,4,2,3,0,0,0,1,0,0,0,0,1,0,1,0,0,0,0,0,0,0,0,0,0
20,2010.0,256.0,1066.0,5.0,5,2,3,3,0,1,1,0,0,0,0,0,0,0,1,0,0,0,0,0,0,0,0,0,10,4,3,1,0,1,0,0,0,0,0,0,0,0,0,0,0,0,0,0,0,0,0,0,0
20,2011.0,392.0,1079.0,11.0,11,5,1,1,0,0,0,0,0,0,0,0,0,0,0,0,0,0,0,0,0,0,0,0,15,3,1,0,0,0,0,0,0,0,0,0,0,0,0,0,0,0,0,0,0,0,0,0,0
20,2012.0,281.0,1162.0,5.0,5,3,2,3,2,2,0,0,0,0,1,0,0,0,0,0,0,0,0,0,0,1,0,0,6,2,2,2,2,1,0,0,0,0,1,0,0,0,0,0,0,0,0,0,0,0,0,0,0
20,2013.0,397.0,1120.0,13.0,13,1,2,2,0,0,0,0,0,0,0,0,0,0,0,0,0,0,0,0,0,0,0,0,9,6,3,0,0,0,0,0,0,0,0,0,0,0,0,0,0,0,0,0,0,0,0,0,0
20,2014.0,159.0,915.0,0.0,0,1,3,2,4,2,2,1,0,0,0,0,0,0,0,0,0,0,0,0,0,0,0,0,0,3,3,2,0,2,0,1,0,0,0,0,0,0,0,0,0,0,0,0,0,0,0,0,0
20,2015.0,278.0,1127.0,3.0,3,3,7,2,2,0,0,0,0,0,0,1,0,0,0,0,0,0,0,0,0,0,0,0,1,2,8,3,0,0,0,0,0,0,0,0,0,0,0,0,0,0,0,0,0,0,0,0,0
20,2016.0,212.0,1057.0,0.0,0,3,4,4,4,1,0,0,1,0,0,0,0,0,0,0,0,0,0,0,0,0,0,0,0,0,4,3,3,4,0,0,1,0,0,0,0,0,0,0,0,0,0,0,0,0,0,0,0
20,2017.0,317.0,1089.0,5.0,5,6,2,4,0,0,1,0,0,0,0,0,0,0,0,0,0,0,0,0,0,0,0,0,3,10,3,1,0,0,0,0,0,0,0,0,0,0,0,0,0,0,0,0,0,0,0,0,0
20,2018.0,320.0,1248.0,5.0,5,4,3,4,1,2,0,1,0,0,0,0,0,0,0,0,0,0,0,0,0,0,0,0,5,5,6,2,1,1,0,1,0,0,0,0,0,0,0,0,0,0,0,0,0,0,0,0,0
20,2019.0,240.0,1178.0,1.0,1,5,3,4,3,0,0,0,0,0,0,0,1,0,0,1,1,0,0,0,0,0,0,0,2,5,6,3,1,0,0,0,0,0,0,0,0,0,0,0,0,0,0,0,0,0,0,0,0
20,2020.0,33.0,914.0,0.0,0,0,1,0,0,1,1,0,0,4,1,3,3,1,0,0,0,0,0,0,0,0,0,0,0,0,0,0,0,0,0,0,0,2,6,0,2,4,0,0,0,0,0,0,0,0,0,0,0
20,2021.0,43.0,1263.0,0.0,0,1,0,0,2,0,1,0,1,2,2,3,3,0,2,0,1,1,0,0,0,0,0,0,0,0,0,0,1,0,0,0,2,5,3,1,1,0,2,0,1,1,0,0,0,0,0,0,0
20,2022.0,37.0,1101.0,0.0,0,0,0,0,0,2,0,4,1,3,3,1,0,2,0,0,2,0,0,0,0,0,0,0,0,0,0,0,0,0,0,0,5,2,1,1,0,0,0,0,1,0,0,0,0,0,0,0,0
21,1996.0,0.0,96.0,0.0,0,0,0,0,0,0,0,0,0,0,0,0,1,0,0,0,0,0,0,0,0,0,0,0,0,0,0,0,0,0,0,0,0,0,0,0,0,0,0,0,0,0,0,0,0,0,0,0,0
21,1997.0,8.0,506.0,0.0,0,0,1,1,0,1,1,1,2,0,1,0,0,0,0,0,0,0,0,0,0,0,0,0,0,0,0,1,0,2,1,1,1,0,1,0,0,0,0,0,0,0,0,0,0,0,0,0,0
21,1998.0,15.0,294.0,0.0,0,0,0,0,1,1,2,0,0,0,0,0,0,0,0,0,0,0,0,0,0,0,0,0,0,0,0,0,0,0,2,0,0,0,0,0,0,0,0,0,0,0,0,0,0,0,0,0,0
21,1999.0,5.0,156.0,0.0,0,0,0,1,1,0,0,0,0,0,0,0,0,0,0,0,0,0,0,0,0,0,0,0,0,0,0,0,1,0,0,0,0,0,0,0,0,0,0,0,0,0,0,0,0,0,0,0,0
21,2000.0,18.0,230.0,0.0,0,0,0,0,1,0,1,0,0,0,1,0,0,1,0,0,0,0,0,0,0,0,0,0,0,0,0,0,0,0,0,0,0,0,0,0,0,0,0,0,0,0,0,0,0,0,0,0,0
21,2001.0,8.0,72.0,0.0,0,0,0,0,0,0,0,1,0,0,0,0,0,0,0,0,0,0,0,0,0,0,0,0,0,0,0,0,0,0,0,0,0,0,0,0,0,0,0,0,0,0,0,0,0,0,0,0,0
21,2002.0,7.0,90.0,0.0,0,0,0,0,0,0,0,0,0,0,0,0,1,0,0,0,0,0,0,0,0,0,0,0,0,0,0,0,0,0,0,0,0,0,0,0,0,0,0,0,0,0,0,0,0,0,0,0,0
21,2003.0,12.0,700.0,1.0,1,0,0,0,0,0,1,0,0,2,0,1,1,0,1,0,0,0,0,0,0,0,0,0,0,0,0,0,0,0,0,0,0,0,0,1,4,0,1,0,0,0,0,0,0,0,0,0,0
21,2004.0,22.0,1032.0,0.0,0,0,0,1,1,2,2,3,4,1,2,1,0,0,0,0,0,0,0,0,0,0,0,0,0,0,0,0,1,0,2,1,0,2,2,2,0,0,0,0,0,0,0,0,0,0,0,0,0
21,2005.0,58.0,902.0,1.0,1,1,1,4,2,2,0,0,1,0,0,1,0,0,0,0,0,0,0,0,0,0,0,0,1,2,3,3,0,3,0,0,2,0,0,1,0,0,0,0,0,0,0,0,0,0,0,0,0
21,2006.0,72.0,1028.0,1.0,1,0,4,3,1,6,0,1,0,0,0,0,0,0,0,0,0,0,0,0,0,0,0,0,1,0,1,1,2,2,0,0,0,0,0,0,0,0,0,0,0,0,0,0,0,0,0,0,0
21,2007.0,21.0,927.0,0.0,0,0,0,1,2,2,0,2,3,1,1,2,0,0,0,0,0,0,0,0,0,0,0,0,0,0,0,1,1,1,0,1,1,4,0,2,0,0,0,0,0,0,0,0,0,0,0,0,0
21,2008.0,0.0,800.0,0.0,0,0,0,0,0,0,0,0,0,1,0,2,0,2,1,1,2,2,0,0,0,0,0,0,0,0,0,0,0,0,0,0,0,0,0,1,0,0,0,0,3,3,0,0,0,0,0,0,0
21,2009.0,8.0,927.0,0.0,0,1,0,0,0,0,0,0,2,1,3,2,1,3,1,1,0,1,0,0,0,0,0,0,0,0,0,0,0,0,0,0,0,0,0,0,1,2,1,3,0,2,0,0,0,0,0,0,0
22,1996.0,7.0,247.0,0.0,0,0,0,1,2,0,0,0,0,0,0,0,0,0,0,0,0,0,0,0,0,0,0,0,0,0,0,0,1,0,0,0,0,0,0,0,0,0,0,0,0,0,0,0,0,0,0,0,0
22,1997.0,6.0,238.0,0.0,0,1,0,0,0,0,0,0,0,0,0,0,0,0,0,0,0,0,0,0,0,0,0,0,0,0,0,0,0,0,0,0,0,0,0,0,0,0,0,0,0,0,0,0,0,0,0,0,0
22,1998.0,4.0,144.0,0.0,0,0,0,0,0,0,0,0,0,1,0,0,0,0,0,0,0,0,0,0,0,0,0,0,0,0,0,0,0,0,0,0,0,0,0,0,0,0,0,0,0,0,0,0,0,0,0,0,0
22,1999.0,6.0,160.0,0.0,0,0,1,0,1,0,0,0,0,0,0,0,0,0,0,0,0,0,0,0,0,0,0,0,0,0,1,0,0,0,0,0,0,0,0,0,0,0,0,0,0,0,0,0,0,0,0,0,0
22,2000.0,58.0,208.0,1.0,0,1,0,2,0,0,0,0,0,0,0,0,0,0,0,0,0,0,0,0,0,0,0,0,0,0,0,3,0,0,0,0,0,0,0,0,0,0,0,0,0,0,0,0,0,0,0,0,0
22,2001.0,54.0,71.0,0.0,0,0,0,0,0,0,0,0,0,0,0,0,0,0,1,0,0,0,0,0,0,0,0,0,0,0,0,0,0,0,0,0,0,0,0,0,0,0,0,0,0,0,0,0,0,0,0,0,0
22,2002.0,77.0,53.0,4.0,0,1,0,0,0,0,0,0,0,0,0,0,0,0,0,0,0,0,0,0,0,0,0,0,0,1,0,0,0,0,0,0,0,0,0,0,0,0,0,0,0,0,0,0,0,0,0,0,0
22,2003.0,65.0,763.0,2.0,2,1,5,0,1,0,1,1,0,0,0,0,0,0,0,0,0,0,0,0,0,0,0,0,3,2,2,0,5,0,1,1,0,0,0,0,0,0,0,0,0,0,0,0,0,0,0,0,0
22,2004.0,114.0,1107.0,2.0,2,7,5,1,0,1,0,0,0,0,0,1,0,0,0,0,0,0,0,0,0,0,0,0,4,4,1,1,0,2,0,0,0,0,0,0,0,0,0,0,0,0,0,0,0,0,0,0,0
22,2005.0,38.0,1122.0,0.0,0,2,2,0,1,1,1,1,3,3,1,2,0,0,0,0,0,0,0,0,0,0,0,0,0,0,0,0,2,0,4,1,3,1,2,2,0,0,0,0,0,0,0,0,0,0,0,0,0
22,2006.0,30.0,982.0,0.0,0,0,0,2,1,3,3,1,0,3,0,1,0,0,1,0,0,0,0,0,0,0,0,0,0,0,0,2,3,3,0,2,0,0,0,0,0,0,0,0,0,0,0,0,0,0,0,0,0
22,2007.0,0.0,948.0,0.0,0,0,0,0,0,0,0,0,1,4,4,1,2,0,1,0,1,1,0,0,0,0,0,0,0,0,0,0,0,0,0,0,1,0,1,2,2,0,1,0,2,1,0,0,0,0,0,0,0
22,2008.0,11.0,929.0,0.0,0,0,1,0,0,1,1,0,0,0,2,0,2,2,1,2,1,0,0,0,0,0,0,0,0,0,0,0,0,0,0,0,0,0,1,0,1,2,1,3,2,0,0,0,0,0,0,0,0
22,2009.0,77.0,977.0,2.0,2,3,1,2,2,2,2,1,0,1,0,0,0,0,0,0,0,0,0,0,0,0,0,0,1,3,4,3,1,2,0,1,0,0,0,0,0,0,0,0,0,0,0,0,0,0,0,0,0
22,2010.0,47.0,1030.0,0.0,0,0,0,1,1,1,1,1,2,3,0,4,0,3,0,0,0,0,0,0,0,0,0,0,0,0,0,0,0,2,3,3,2,2,0,1,0,0,0,0,0,0,0,0,0,0,0,0,0
22,2011.0,4.0,976.0,0.0,0,0,0,0,0,0,0,0,2,0,0,3,4,1,2,1,2,0,0,0,0,0,0,0,0,0,0,0,0,0,0,0,0,0,0,2,3,2,5,1,1,0,0,0,0,0,0,0,0
23,1997.0,9.0,339.0,0.0,0,0,1,0,2,1,0,0,0,0,0,0,0,0,0,0,0,0,0,0,0,0,0,0,0,0,1,0,2,2,0,0,0,0,0,0,0,0,0,0,0,0,0,0,0,0,0,0,0
23,1998.0,10.0,219.0,0.0,0,1,0,0,1,2,0,0,0,0,0,0,0,0,0,0,0,0,0,0,0,0,0,0,0,0,0,0,0,0,0,0,0,0,0,0,0,0,0,0,0,0,0,0,0,0,0,0,0
23,1999.0,7.0,156.0,0.0,0,0,1,1,0,0,0,0,0,0,0,0,0,0,0,0,0,0,0,0,0,0,0,0,0,0,0,0,0,0,0,0,0,0,0,0,0,0,0,0,0,0,0,0,0,0,0,0,0
23,2000.0,24.0,204.0,0.0,0,0,1,1,0,0,0,0,0,0,0,0,0,0,0,0,0,0,0,0,0,0,0,0,0,0,0,0,0,0,0,0,0,0,0,0,0,0,0,0,0,0,0,0,0,0,0,0,0
23,2001.0,48.0,36.0,3.0,0,0,0,0,0,0,0,0,0,0,0,0,0,0,0,0,0,0,0,0,0,0,0,0,0,0,0,0,0,0,0,0,0,0,0,0,0,0,0,0,0,0,0,0,0,0,0,0,0
23,2002.0,42.0,104.0,1.0,1,0,0,0,0,0,0,0,0,0,1,0,0,0,0,0,0,0,0,0,0,0,0,0,0,0,0,0,0,0,0,0,0,0,0,0,0,0,0,0,0,0,0,0,0,0,0,0,0
23,2003.0,58.0,844.0,2.0,2,1,0,4,1,1,1,1,1,0,0,1,0,0,0,0,0,0,0,0,0,0,0,0,3,3,0,1,1,1,1,0,1,0,0,0,0,0,0,0,0,0,0,0,0,0,0,0,0
23,2004.0,24.0,579.0,0.0,0,1,0,1,1,1,2,0,0,1,0,0,0,0,0,0,0,0,0,0,0,0,0,0,0,1,0,1,2,2,2,0,0,0,0,0,0,0,0,0,0,0,0,0,0,0,0,0,0
23,2005.0,45.0,1076.0,0.0,0,0,2,2,1,4,2,3,1,0,0,2,0,0,0,0,0,0,0,0,0,0,0,0,0,0,0,1,3,1,0,2,3,0,0,1,0,0,0,0,0,0,0,0,0,0,0,0,0
23,2006.0,20.0,938.0,0.0,0,0,1,1,0,1,2,2,2,0,0,0,0,1,1,0,0,0,0,0,0,0,0,0,0,0,1,0,0,4,1,2,0,0,0,0,0,1,1,0,0,0,0,0,0,0,0,0,0
23,2007.0,5.0,840.0,0.0,0,0,0,0,0,1,0,2,0,2,1,2,0,0,2,1,0,0,0,0,0,0,0,0,0,0,0,0,0,2,0,0,0,1,1,0,0,0,2,1,0,0,0,0,0,0,0,0,0
24,2005.0,1.0,189.0,0.0,0,0,0,0,0,0,0,1,1,0,0,0,0,0,0,0,0,0,0,0,0,0,0,0,0,0,0,0,0,0,0,0,0,0,0,0,0,0,0,0,0,0,0,0,0,0,0,0,0
24,2006.0,1.0,949.0,0.0,0,0,0,0,0,0,0,1,0,3,2,0,4,3,1,0,0,0,0,0,0,0,0,0,0,0,0,0,0,0,0,0,0,0,0,0,3,0,5,0,0,0,0,0,0,0,0,0,0
24,2007.0,3.0,722.0,0.0,0,0,0,0,0,1,0,0,1,0,0,1,1,1,1,1,3,0,0,0,0,0,0,0,0,0,0,0,0,0,0,0,0,0,0,2,1,2,1,4,0,0,0,0,0,0,0,0,0
24,2009.0,0.0,262.0,0.0,0,0,0,0,0,0,0,0,0,0,0,1,0,2,1,0,0,0,0,0,0,0,0,0,0,0,0,0,0,0,0,0,0,0,0,0,0,0,0,0,0,0,0,0,0,0,0,0,0
24,2010.0,21.0,832.0,0.0,0,0,0,0,0,1,1,0,3,1,1,1,2,0,1,2,0,0,0,0,0,0,0,0,0,0,0,0,0,0,0,0,0,2,0,2,1,0,0,4,0,0,0,0,0,0,0,0,0
24,2011.0,0.0,847.0,0.0,0,0,0,0,0,0,0,0,0,0,0,0,1,0,0,1,0,1,1,3,1,2,2,0,0,0,0,0,0,0,0,0,0,0,0,0,0,0,0,0,0,0,0,2,3,3,6,0,0
25,1997.0,4.0,59.0,0.0,0,0,1,0,0,0,0,0,0,0,0,0,0,0,0,0,0,0,0,0,0,0,0,0,0,0,0,0,0,0,0,0,0,0,0,0,0,0,0,0,0,0,0,0,0,0,0,0,0
25,1998.0,17.0,375.0,0.0,0,0,0,3,0,0,1,0,1,0,1,0,0,0,0,0,0,0,0,0,0,0,0,0,0,0,0,0,0,0,1,0,0,0,2,0,0,0,0,0,0,0,0,0,0,0,0,0,0
25,1999.0,0.0,75.0,0.0,0,0,0,0,0,0,1,0,0,0,0,0,0,0,0,0,0,0,0,0,0,0,0,0,0,0,0,0,0,0,0,0,0,0,0,0,0,0,0,0,0,0,0,0,0,0,0,0,0
25,2000.0,2.0,215.0,0.0,0,0,0,0,0,0,1,0,2,0,0,0,0,0,0,0,0,0,0,0,0,0,0,0,0,0,0,0,0,0,0,0,0,0,0,0,0,0,0,0,0,0,0,0,0,0,0,0,0
25,2005.0,6.0,62.0,0.0,0,0,1,0,0,0,0,0,0,0,0,0,0,0,0,0,0,0,0,0,0,0,0,0,0,0,0,0,0,0,0,0,0,0,0,0,0,0,0,0,0,0,0,0,0,0,0,0,0
25,2007.0,13.0,806.0,0.0,0,0,1,1,0,0,1,0,1,1,2,1,2,2,0,0,0,0,0,0,0,0,0,0,0,0,0,0,0,0,0,0,0,0,2,2,2,1,0,0,0,0,0,0,0,0,0,0,0
26,2006.0,0.0,951.0,0.0,0,0,0,0,0,0,0,0,1,2,3,1,4,1,1,0,0,1,0,0,0,0,0,0,0,0,0,0,0,0,0,0,0,0,1,1,0,1,2,0,0,3,0,0,0,0,0,0,0
26,2007.0,0.0,306.0,0.0,0,0,0,0,0,0,0,0,1,0,0,0,1,1,0,0,0,0,0,0,0,0,0,0,0,0,0,0,0,0,0,0,0,0,0,0,0,0,0,0,0,0,0,0,0,0,0,0,0
27,2005.0,4.0,955.0,0.0,0,0,0,0,1,0,0,0,0,0,1,1,3,2,0,2,1,1,1,0,0,0,0,0,0,0,0,0,0,0,0,0,0,0,0,0,1,2,0,2,2,5,1,0,0,0,0,0,0
27,2006.0,0.0,831.0,0.0,0,0,0,0,0,0,0,0,0,1,1,2,1,1,3,0,1,0,0,0,0,0,0,0,0,0,0,0,0,0,0,0,0,0,0,0,0,1,2,0,2,0,0,0,0,0,0,0,0
27,2007.0,0.0,390.0,0.0,0,0,0,0,0,0,0,0,0,0,0,0,0,2,2,0,0,0,1,0,0,0,0,0,0,0,0,0,0,0,0,0,0,0,0,0,0,0,0,0,0,0,0,0,0,0,0,0,0
29,2006.0,0.0,171.0,0.0,0,0,0,0,0,0,0,0,0,0,0,0,0,0,0,2,1,0,0,0,0,0,0,0,0,0,0,0,0,0,0,0,0,0,0,0,0,0,0,0,0,0,0,0,0,0,0,0,0
29,2007.0,0.0,272.0,0.0,0,0,0,0,0,0,0,0,0,0,0,1,0,0,0,0,2,0,0,2,0,0,0,0,0,0,0,0,0,0,0,0,0,0,0,0,0,0,0,0,0,0,0,1,0,0,0,0,0
29,2010.0,0.0,331.0,0.0,0,0,0,0,0,0,0,0,0,0,0,0,0,0,1,1,0,0,2,2,0,0,0,0,0,0,0,0,0,0,0,0,0,0,0,0,0,0,0,0,0,0,1,0,0,0,0,0,0
30,1996.0,26.0,311.0,1.0,1,2,1,0,0,0,0,0,0,0,0,0,0,0,0,0,0,0,0,0,0,0,0,0,1,1,2,0,0,0,0,0,0,0,0,0,0,0,0,0,0,0,0,0,0,0,0,0,0
30,1997.0,53.0,527.0,3.0,3,3,0,1,1,0,0,0,0,0,0,0,0,0,0,0,0,0,0,0,0,0,0,0,2,2,0,2,0,0,0,0,0,0,0,0,0,0,0,0,0,0,0,0,0,0,0,0,0
30,1998.0,70.0,345.0,5.0,2,0,2,0,1,0,0,0,0,0,0,0,0,0,0,0,0,0,0,0,0,0,0,0,0,0,0,0,0,0,0,0,0,0,0,0,0,0,0,0,0,0,0,0,0,0,0,0,0
30,1999.0,16.0,190.0,1.0,1,1,0,0,0,0,0,1,0,0,0,0,0,0,0,0,0,0,0,0,0,0,0,0,0,0,0,0,0,0,0,0,0,0,0,0,0,0,0,0,0,0,0,0,0,0,0,0,0
30,2000.0,98.0,233.0,8.0,3,0,1,0,0,0,0,0,0,0,0,0,0,0,0,0,0,0,0,0,0,0,0,0,1,0,1,0,0,0,0,0,0,0,0,0,0,0,0,0,0,0,0,0,0,0,0,0,0
30,2001.0,113.0,73.0,8.0,0,1,0,0,0,0,0,0,0,0,0,0,0,0,0,0,0,0,0,0,0,0,0,0,0,0,0,0,0,0,0,0,0,0,0,0,0,0,0,0,0,0,0,0,0,0,0,0,0
30,2002.0,144.0,109.0,11.0,1,0,1,0,0,0,0,0,0,0,0,0,0,0,0,0,0,0,0,0,0,0,0,0,2,0,0,0,0,0,0,0,0,0,0,0,0,0,0,0,0,0,0,0,0,0,0,0,0
30,2003.0,93.0,988.0,6.0,6,0,2,2,1,1,1,2,0,0,0,0,0,0,0,0,0,0,0,0,0,0,0,0,5,0,3,0,2,1,2,1,0,0,0,0,0,0,0,0,0,0,0,0,0,0,0,0,0
30,2004.0,148.0,1089.0,13.0,13,2,0,0,0,0,1,0,0,0,0,1,0,0,0,0,0,0,0,0,0,0,0,0,8,4,0,0,0,0,0,0,0,0,0,0,0,0,0,0,0,0,0,0,0,0,0,0,0
30,2005.0,62.0,1007.0,1.0,1,3,1,1,2,1,3,0,0,1,0,0,0,0,0,0,0,0,0,0,0,0,0,0,1,2,1,0,2,3,1,0,0,1,0,0,0,0,0,0,0,0,0,0,0,0,0,0,0
30,2006.0,121.0,1092.0,7.0,7,4,1,1,1,1,0,1,0,0,0,0,0,0,0,0,0,0,0,0,0,0,0,0,4,5,2,0,1,1,0,0,0,0,0,0,0,0,0,0,0,0,0,0,0,0,0,0,0
30,2010.0,72.0,1023.0,0.0,0,0,0,3,0,2,2,0,3,2,2,1,1,0,1,0,0,0,0,0,0,0,0,0,0,0,0,0,0,1,3,0,3,2,1,1,1,0,1,0,0,0,0,0,0,0,0,0,0
30,2011.0,76.0,883.0,0.0,0,0,0,1,2,2,1,2,2,0,0,1,0,0,1,0,1,0,0,0,0,0,0,0,0,0,0,0,1,0,0,7,1,0,0,1,0,0,0,0,0,0,0,0,0,0,0,0,0
30,2012.0,49.0,966.0,0.0,0,0,1,0,0,1,4,0,0,2,2,0,1,0,0,1,0,0,0,0,0,1,0,0,0,0,3,0,0,1,0,0,0,1,0,0,3,0,0,0,0,0,0,0,0,1,0,0,0
31,2001.0,25.0,38.0,1.0,0,0,0,0,0,0,0,0,0,0,0,0,0,0,0,0,0,0,0,0,0,0,0,0,0,0,0,0,0,0,0,0,0,0,0,0,0,0,0,0,0,0,0,0,0,0,0,0,0
31,2002.0,50.0,109.0,0.0,0,1,0,1,0,0,0,0,0,0,0,0,0,0,0,0,0,0,0,0,0,0,0,0,0,1,0,0,0,0,0,0,0,0,0,0,0,0,0,0,0,0,0,0,0,0,0,0,0
31,2003.0,82.0,904.0,2.0,2,5,2,1,0,1,1,0,0,0,0,1,0,0,0,0,0,0,0,0,0,0,0,0,1,4,3,4,0,0,1,0,0,0,0,0,0,0,0,0,0,0,0,0,0,0,0,0,0
31,2004.0,58.0,1076.0,1.0,1,1,1,2,5,0,1,2,0,0,0,0,1,0,0,0,0,0,0,0,0,0,0,0,0,4,3,2,1,0,2,1,0,0,0,0,1,0,0,0,0,0,0,0,0,0,0,0,0
31,2005.0,60.0,827.0,3.0,3,1,1,1,1,1,2,0,0,0,0,0,0,1,0,0,0,0,0,0,0,0,0,0,2,2,1,1,3,0,1,0,0,0,0,0,0,0,0,0,0,0,0,0,0,0,0,0,0
31,2006.0,26.0,441.0,0.0,0,1,1,1,1,1,0,0,0,0,0,0,0,0,0,0,0,0,0,0,0,0,0,0,0,0,0,1,3,0,0,0,0,0,0,0,0,0,0,0,0,0,0,0,0,0,0,0,0
32,2004.0,3.0,886.0,0.0,0,0,0,0,0,1,0,0,1,2,2,2,2,4,0,0,0,0,0,0,0,0,0,0,0,0,0,0,0,0,0,0,0,1,0,3,4,4,0,0,0,0,0,0,0,0,0,0,0
32,2005.0,9.0,641.0,0.0,0,0,0,0,1,0,1,3,4,0,0,0,1,0,1,0,0,0,0,0,0,0,0,0,0,0,0,0,0,0,1,0,0,0,0,0,1,0,1,0,0,0,0,0,0,0,0,0,0
32,2006.0,2.0,655.0,0.0,0,0,0,0,0,0,0,2,0,0,3,1,1,1,0,0,0,0,0,0,0,0,0,0,0,0,0,0,0,0,0,2,0,0,1,3,2,2,0,0,0,0,0,0,0,0,0,0,0
32,2010.0,0.0,149.0,0.0,0,0,0,0,0,0,0,0,0,0,0,0,0,0,0,0,0,0,0,1,0,1,0,0,0,0,0,0,0,0,0,0,0,0,0,0,0,0,0,0,0,0,0,0,0,1,0,0,0
33,2005.0,7.0,1125.0,0.0,0,0,1,0,0,0,0,1,0,2,1,2,5,0,2,1,3,0,0,0,0,0,0,0,0,0,0,0,0,0,0,0,0,0,1,0,0,0,1,1,4,0,0,0,0,0,0,0,0
33,2006.0,0.0,884.0,0.0,0,0,0,0,0,0,0,0,1,0,0,1,1,1,2,4,1,0,0,0,0,0,0,0,0,0,0,0,0,0,0,0,0,0,0,0,0,0,1,3,2,0,0,0,0,0,0,0,0
34,2006.0,0.0,77.0,0.0,0,0,0,0,0,0,0,0,0,0,0,0,1,0,0,0,0,0,0,0,0,0,0,0,0,0,0,0,0,0,0,0,0,0,0,0,0,0,0,0,0,0,0,0,0,0,0,0,0
35,1996.0,26.0,411.0,1.0,1,2,1,0,0,0,0,0,0,0,1,0,0,0,0,0,0,0,0,0,0,0,0,0,1,2,3,0,0,0,0,0,0,0,0,0,0,0,0,0,0,0,0,0,0,0,0,0,0
35,1997.0,43.0,429.0,4.0,4,0,0,1,0,0,0,0,0,0,0,0,0,0,0,0,0,0,0,0,0,0,0,0,5,0,0,1,0,0,0,0,0,0,0,0,0,0,0,0,0,0,0,0,0,0,0,0,0
35,1998.0,20.0,371.0,0.0,0,0,1,0,1,1,2,0,0,0,0,0,0,0,0,0,0,0,0,0,0,0,0,0,0,0,2,0,0,1,1,0,0,0,0,0,0,0,0,0,0,0,0,0,0,0,0,0,0
35,2000.0,15.0,227.0,0.0,0,0,0,1,1,1,0,0,0,0,0,0,0,0,0,1,0,0,0,0,0,0,0,0,0,0,0,0,0,0,0,0,0,0,0,0,0,0,0,0,0,0,0,0,0,0,0,0,0
35,2001.0,12.0,45.0,0.0,0,0,0,0,0,0,0,0,0,0,0,0,0,0,0,0,0,0,0,0,0,0,0,0,0,0,0,0,0,0,0,0,0,0,0,0,0,0,0,0,0,0,0,0,0,0,0,0,0
35,2002.0,4.0,82.0,0.0,0,0,0,0,0,0,0,1,0,0,0,0,0,0,0,0,0,0,0,0,0,0,0,0,0,0,0,0,0,0,0,0,0,0,0,0,0,0,0,0,0,0,0,0,0,0,0,0,0
35,2003.0,6.0,662.0,0.0,0,0,0,0,0,2,0,0,3,1,0,1,0,0,0,0,0,0,0,0,0,0,0,0,0,0,0,0,0,1,0,0,1,1,0,3,0,0,0,0,0,0,0,0,0,0,0,0,0
35,2004.0,0.0,177.0,0.0,0,0,0,0,0,0,0,0,0,2,1,0,0,0,0,0,0,0,0,0,0,0,0,0,0,0,0,0,0,0,0,0,0,0,0,0,0,0,0,0,0,0,0,0,0,0,0,0,0
35,2005.0,9.0,1033.0,0.0,0,0,0,1,0,1,0,1,1,1,4,2,2,1,1,0,0,0,0,0,0,0,0,0,0,0,0,1,0,0,0,2,1,2,1,2,0,2,3,0,0,0,0,0,0,0,0,0,0
35,2006.0,7.0,617.0,0.0,0,0,0,0,0,1,1,2,0,0,1,2,0,1,0,0,0,0,0,0,0,0,0,0,0,0,0,0,0,1,0,0,0,0,1,1,0,1,0,0,0,0,0,0,0,0,0,0,0
36,2006.0,0.0,201.0,0.0,0,0,0,0,0,0,0,0,0,0,0,0,0,0,0,2,0,1,0,0,0,0,0,0,0,0,0,0,0,0,0,0,0,0,0,0,0,0,0,0,0,0,0,0,0,0,0,0,0
37,1999.0,1.0,114.0,0.0,0,0,0,0,0,1,0,0,0,0,0,0,0,0,0,0,0,0,0,0,0,0,0,0,0,0,0,0,0,0,0,0,0,0,0,0,0,0,0,0,0,0,0,0,0,0,0,0,0
37,2000.0,2.0,127.0,0.0,0,0,0,0,0,0,0,0,0,0,0,1,0,0,0,0,0,0,0,0,0,0,0,0,0,0,0,0,0,0,0,0,0,0,0,0,0,0,0,0,0,0,0,0,0,0,0,0,0
37,2001.0,3.0,72.0,0.0,0,0,0,0,0,0,0,0,0,0,0,1,0,0,0,0,0,0,0,0,0,0,0,0,0,0,0,0,0,0,0,0,0,0,0,0,0,0,0,0,0,0,0,0,0,0,0,0,0
37,2002.0,0.0,93.0,0.0,0,0,0,0,0,0,0,0,0,1,0,0,0,0,0,0,0,0,0,0,0,0,0,0,0,0,0,0,0,0,0,0,0,0,0,0,0,0,0,0,0,0,0,0,0,0,0,0,0
37,2005.0,4.0,57.0,0.0,0,0,0,0,1,0,0,0,0,0,0,0,0,0,0,0,0,0,0,0,0,0,0,0,0,0,0,0,0,0,0,0,0,0,0,0,0,0,0,0,0,0,0,0,0,0,0,0,0
37,2006.0,19.0,399.0,0.0,0,1,0,0,2,0,1,1,0,0,1,0,0,0,0,0,0,0,0,0,0,0,0,0,0,0,0,0,0,0,2,1,0,0,1,0,0,0,0,0,0,0,0,0,0,0,0,0,0
37,2010.0,6.0,538.0,0.0,0,0,0,0,0,0,1,0,0,0,2,2,0,2,0,0,0,0,0,0,0,0,0,0,0,0,0,0,0,0,0,0,0,0,0,1,0,3,0,0,0,0,0,0,0,0,0,0,0
37,2011.0,0.0,70.0,0.0,0,0,0,0,0,0,0,0,0,0,0,1,0,0,0,0,0,0,0,0,0,0,0,0,0,0,0,0,0,0,0,0,0,0,0,0,0,0,0,0,0,0,0,0,0,0,0,0,0
37,2012.0,0.0,929.0,0.0,0,0,0,0,0,0,0,0,0,0,0,0,0,0,0,0,4,3,1,2,3,2,0,0,0,0,0,0,0,0,0,0,0,0,0,0,0,0,0,0,0,0,0,3,3,6,0,0,0
38,2005.0,0.0,376.0,0.0,0,0,0,0,0,0,0,0,0,0,0,0,2,2,0,0,0,2,0,0,0,0,0,0,0,0,0,0,0,0,0,0,0,0,0,0,0,0,0,0,0,2,0,0,0,0,0,0,0
38,2006.0,0.0,177.0,0.0,0,0,0,0,0,0,0,0,0,0,0,2,1,0,0,0,0,0,0,0,0,0,0,0,0,0,0,0,0,0,0,0,0,0,0,0,0,0,0,0,0,0,0,0,0,0,0,0,0
39,2005.0,5.0,909.0,0.0,0,0,0,1,0,0,0,0,0,0,2,2,1,1,4,2,0,0,0,1,0,0,0,0,0,0,0,0,0,0,0,0,0,0,1,1,1,0,2,1,0,0,0,1,0,0,0,0,0
39,2011.0,0.0,438.0,0.0,0,0,0,0,0,0,0,0,0,0,0,0,0,1,0,0,2,0,0,0,2,0,1,1,0,0,0,0,0,0,0,0,0,0,0,0,0,0,0,0,0,0,0,0,0,0,0,4,0
39,2012.0,0.0,844.0,0.0,0,0,0,0,0,0,0,0,0,0,0,0,0,0,1,0,0,2,1,0,4,2,1,0,0,0,0,0,0,0,0,0,0,0,0,0,0,0,0,0,0,0,0,0,1,3,7,0,0
40,2005.0,3.0,414.0,0.0,0,0,0,0,0,1,0,0,0,0,0,1,0,0,0,0,1,1,1,0,0,0,0,0,0,0,0,0,0,0,0,0,0,0,0,0,0,0,0,0,0,2,4,0,0,0,0,0,0
41,2000.0,3.0,207.0,0.0,0,0,0,0,0,1,0,0,1,0,0,1,0,0,0,0,0,0,0,0,0,0,0,0,0,0,0,0,0,0,0,0,0,0,0,0,0,0,0,0,0,0,0,0,0,0,0,0,0
41,2004.0,0.0,199.0,0.0,0,0,0,0,0,0,0,0,0,1,1,0,1,0,0,0,0,0,0,0,0,0,0,0,0,0,0,0,0,0,0,0,0,0,1,0,1,0,0,0,0,0,0,0,0,0,0,0,0
42,2003.0,0.0,362.0,0.0,0,0,0,0,0,0,0,0,1,3,0,0,0,1,0,0,0,0,0,0,0,0,0,0,0,0,0,0,0,0,0,0,0,1,0,0,0,0,0,0,0,0,0,0,0,0,0,0,0
42,2004.0,6.0,219.0,0.0,0,0,0,0,0,0,3,0,0,0,0,0,0,0,0,0,0,0,0,0,0,0,0,0,0,0,0,0,0,0,0,0,0,0,0,0,0,0,0,0,0,0,0,0,0,0,0,0,0
42,2005.0,2.0,156.0,0.0,0,0,0,0,0,0,1,0,0,0,0,0,1,0,1,0,0,0,0,0,0,0,0,0,0,0,0,0,0,0,0,0,0,0,0,0,1,0,1,0,0,0,0,0,0,0,0,0,0
43,2003.0,10.0,885.0,0.0,0,0,0,0,0,2,2,0,2,2,4,1,0,0,0,0,0,0,0,0,0,0,0,0,0,0,0,0,0,1,0,0,3,2,1,1,0,0,0,0,0,0,0,0,0,0,0,0,0
43,2004.0,3.0,592.0,0.0,0,0,0,0,0,1,0,0,1,1,0,1,2,1,0,0,0,0,0,0,0,0,0,0,0,0,0,0,0,0,0,0,1,2,0,2,1,0,0,0,0,0,0,0,0,0,0,0,0
44,1996.0,11.0,335.0,1.0,1,0,0,0,0,1,1,1,0,0,0,0,0,0,0,0,0,0,0,0,0,0,0,0,0,0,0,0,0,0,0,1,0,0,0,0,0,0,0,0,0,0,0,0,0,0,0,0,0
44,1997.0,15.0,386.0,0.0,0,1,1,1,1,0,0,1,0,0,1,0,0,0,0,0,0,0,0,0,0,0,0,0,0,0,1,1,1,0,0,0,0,0,0,0,0,0,0,0,0,0,0,0,0,0,0,0,0
44,1998.0,0.0,269.0,0.0,0,0,0,0,0,0,0,0,1,0,0,0,0,0,2,0,0,0,0,0,0,0,0,0,0,0,0,0,0,0,0,0,1,0,0,0,0,0,1,0,0,0,0,0,0,0,0,0,0
44,1999.0,1.0,119.0,0.0,0,0,0,0,0,1,0,0,0,0,0,0,0,0,0,0,0,0,0,0,0,0,0,0,0,0,0,0,0,0,0,0,0,0,0,0,0,0,0,0,0,0,0,0,0,0,0,0,0
44,2001.0,5.0,72.0,0.0,0,0,0,0,0,0,0,0,0,0,1,0,0,0,0,0,0,0,0,0,0,0,0,0,0,0,0,0,0,0,0,0,0,0,0,0,0,0,0,0,0,0,0,0,0,0,0,0,0
44,2002.0,3.0,8.0,0.0,0,0,0,0,0,0,0,0,0,0,0,0,0,0,0,0,0,0,0,0,0,0,0,0,0,0,0,0,0,0,0,0,0,0,0,0,0,0,0,0,0,0,0,0,0,0,0,0,0
44,2003.0,6.0,631.0,0.0,0,0,0,0,1,0,0,2,1,1,1,0,1,0,0,0,0,0,0,0,0,0,0,0,0,0,0,0,0,0,0,0,1,3,1,0,1,0,0,0,0,0,0,0,0,0,0,0,0
44,2004.0,6.0,904.0,0.0,0,0,0,0,1,0,0,2,1,0,3,1,1,3,1,0,0,0,0,0,0,0,0,0,0,0,0,0,0,0,0,3,2,0,0,0,4,2,0,0,0,0,0,0,0,0,0,0,0
45,2004.0,0.0,549.0,0.0,0,0,0,0,0,0,0,0,0,0,0,0,2,1,1,1,1,0,0,0,0,0,0,0,0,0,0,0,0,0,0,0,0,0,0,0,0,1,3,1,3,0,0,0,0,0,0,0,0
46,2004.0,0.0,694.0,0.0,0,0,0,0,0,0,0,0,0,0,0,0,0,3,0,2,3,1,0,0,0,0,0,0,0,0,0,0,0,0,0,0,0,0,0,0,0,0,0,1,3,4,0,0,0,0,0,0,0
47,2003.0,0.0,51.0,0.0,0,0,0,0,0,0,0,0,0,0,1,0,0,0,0,0,0,0,0,0,0,0,0,0,0,0,0,0,0,0,0,0,0,0,0,0,0,0,0,0,0,0,0,0,0,0,0,0,0
47,2004.0,1.0,861.0,0.0,0,0,0,0,0,0,0,1,1,1,0,0,0,0,4,4,0,0,0,0,0,0,0,0,0,0,0,0,0,0,0,0,0,0,0,0,0,0,0,0,0,0,0,0,0,0,0,0,0
48,1999.0,0.0,128.0,0.0,0,0,0,0,0,0,0,0,2,0,0,0,0,0,0,0,0,0,0,0,0,0,0,0,0,0,0,0,0,0,0,0,0,0,0,0,0,0,0,0,0,0,0,0,0,0,0,0,0
48,2000.0,0.0,167.0,0.0,0,0,0,0,0,0,0,1,0,0,0,0,0,1,0,0,0,0,0,0,0,0,0,0,0,0,0,0,0,0,0,0,0,0,0,0,0,0,0,0,0,0,0,0,0,0,0,0,0
48,2003.0,4.0,53.0,0.0,0,0,0,0,1,0,0,0,0,0,0,0,0,0,0,0,0,0,0,0,0,0,0,0,0,0,0,0,1,0,0,0,0,0,0,0,0,0,0,0,0,0,0,0,0,0,0,0,0
48,2004.0,0.0,130.0,0.0,0,0,0,0,0,0,0,0,0,1,0,1,0,0,0,0,0,0,0,0,0,0,0,0,0,0,0,0,0,0,0,0,0,0,0,0,0,0,0,0,0,0,0,0,0,0,0,0,0
49,1996.0,6.0,354.0,0.0,0,0,0,2,0,0,0,1,0,0,0,0,0,0,0,0,0,0,0,0,0,0,0,0,0,0,0,0,0,0,0,0,0,0,0,0,0,0,0,0,0,0,0,0,0,0,0,0,0
49,1997.0,19.0,424.0,1.0,1,1,0,1,0,0,0,2,1,0,0,0,0,0,0,0,0,0,0,0,0,0,0,0,1,5,0,1,0,0,0,1,0,0,0,0,0,0,0,0,0,0,0,0,0,0,0,0,0
49,1998.0,13.0,319.0,0.0,0,0,1,1,1,0,0,0,2,0,0,0,0,0,0,0,0,0,0,0,0,0,0,0,0,0,1,0,0,0,0,0,1,0,0,0,0,0,0,0,0,0,0,0,0,0,0,0,0
49,1999.0,10.0,174.0,0.0,0,1,1,0,0,0,0,0,0,0,0,0,0,0,0,0,0,0,0,0,0,0,0,0,0,0,0,0,0,0,0,0,0,0,0,0,0,0,0,0,0,0,0,0,0,0,0,0,0
49,2000.0,11.0,87.0,0.0,0,0,0,0,0,0,0,0,0,0,0,0,0,0,0,0,1,0,0,0,0,0,0,0,0,0,0,0,0,0,0,0,0,0,0,0,0,0,0,0,0,0,0,0,0,0,0,0,0
49,2001.0,6.0,72.0,0.0,0,0,0,0,0,0,0,0,0,1,0,0,0,0,0,0,0,0,0,0,0,0,0,0,0,0,0,0,0,0,0,0,0,0,0,0,0,0,0,0,0,0,0,0,0,0,0,0,0
49,2002.0,0.0,54.0,0.0,0,0,0,0,0,0,0,0,0,0,1,0,0,0,0,0,0,0,0,0,0,0,0,0,0,0,0,0,0,0,0,0,0,0,1,0,0,0,0,0,0,0,0,0,0,0,0,0,0
49,2003.0,13.0,639.0,0.0,0,0,1,0,1,1,0,0,2,0,1,2,1,0,0,0,0,0,0,0,0,0,0,0,0,0,0,0,0,0,0,0,0,0,0,1,1,0,0,0,0,0,0,0,0,0,0,0,0
50,1996.0,1.0,195.0,0.0,0,0,0,0,0,1,0,0,0,0,0,0,0,0,0,0,0,0,0,0,0,0,0,0,0,0,0,0,0,0,0,0,0,0,0,0,0,0,0,0,0,0,0,0,0,0,0,0,0
50,1997.0,0.0,442.0,0.0,0,0,0,0,0,0,0,1,0,2,1,0,0,0,1,0,0,0,0,0,0,0,0,0,0,0,0,0,0,0,0,0,0,0,0,0,0,0,0,0,0,0,0,0,0,0,0,0,0
50,1998.0,0.0,121.0,0.0,0,0,0,0,0,0,0,0,0,0,0,0,0,0,0,0,0,0,0,0,0,0,0,0,0,0,0,0,0,0,0,0,0,0,0,0,0,0,0,0,0,0,0,0,0,0,0,0,0
50,2000.0,5.0,88.0,0.0,0,0,0,0,0,0,0,0,0,0,0,0,0,1,0,0,0,0,0,0,0,0,0,0,0,0,0,0,0,0,0,0,0,0,0,0,0,1,0,0,0,0,0,0,0,0,0,0,0
50,2001.0,1.0,44.0,0.0,0,0,0,0,0,0,0,0,0,0,0,0,0,0,0,0,0,0,0,0,0,0,0,0,0,0,0,0,0,0,0,0,0,0,0,0,0,0,0,0,0,0,0,0,0,0,0,0,0
50,2003.0,0.0,754.0,0.0,0,0,0,0,0,0,0,0,1,1,1,2,1,1,2,1,0,0,0,0,0,0,0,0,0,0,0,0,0,0,0,0,0,0,0,0,0,0,1,0,0,0,0,0,0,0,0,0,0
51,2003.0,1.0,575.0,0.0,0,0,0,0,0,0,0,1,0,0,1,0,3,1,0,1,0,0,0,0,0,0,0,0,0,0,0,0,0,0,0,0,0,0,0,0,0,0,0,2,0,0,0,0,0,0,0,0,0
52,2003.0,1.0,634.0,0.0,0,0,0,0,0,0,0,1,0,1,2,1,1,1,1,0,0,0,0,0,0,0,0,0,0,0,0,0,0,0,0,0,0,0,0,0,0,1,2,0,0,0,0,0,0,0,0,0,0
53,2003.0,0.0,298.0,0.0,0,0,0,0,0,0,0,0,0,0,1,2,1,0,0,1,0,0,0,0,0,0,0,0,0,0,0,0,0,0,0,0,0,0,0,0,0,0,0,0,0,0,0,0,0,0,0,0,0
55,1996.0,17.0,331.0,0.0,0,2,1,0,0,1,0,0,0,0,0,0,0,0,0,0,0,0,0,0,0,0,0,0,0,0,1,0,0,0,0,0,0,0,0,0,0,0,0,0,0,0,0,0,0,0,0,0,0
55,1997.0,22.0,515.0,0.0,0,2,1,0,2,2,1,0,0,0,0,0,0,0,0,0,0,0,0,0,0,0,0,0,0,0,0,0,0,2,0,0,0,0,0,0,0,0,0,0,0,0,0,0,0,0,0,0,0
55,1998.0,7.0,306.0,0.0,0,0,1,0,1,0,0,0,1,1,0,0,0,0,0,0,0,0,0,0,0,0,0,0,0,0,0,0,0,0,0,0,0,1,0,0,0,0,0,0,0,0,0,0,0,0,0,0,0
55,1999.0,1.0,61.0,0.0,0,0,0,0,0,1,0,0,0,0,0,0,0,0,0,0,0,0,0,0,0,0,0,0,0,0,0,0,0,0,0,0,0,0,0,0,0,0,0,0,0,0,0,0,0,0,0,0,0
55,2000.0,0.0,78.0,0.0,0,0,0,0,0,0,0,0,0,1,0,0,0,0,0,0,0,0,0,0,0,0,0,0,0,0,0,0,0,0,0,0,0,0,0,0,0,0,0,0,0,0,0,0,0,0,0,0,0
55,2001.0,5.0,72.0,0.0,0,0,0,0,0,0,1,0,0,0,0,0,0,0,0,0,0,0,0,0,0,0,0,0,0,0,0,0,0,0,0,0,0,0,0,0,0,0,0,0,0,0,0,0,0,0,0,0,0
56,1996.0,9.0,338.0,0.0,0,0,1,1,1,0,2,0,0,0,0,0,0,0,0,0,0,0,0,0,0,0,0,0,0,0,1,0,0,0,2,0,0,0,0,0,0,0,0,0,0,0,0,0,0,0,0,0,0
56,1997.0,18.0,446.0,0.0,0,1,3,0,0,0,0,0,0,0,0,1,0,0,0,1,0,0,0,0,0,0,0,0,0,0,0,0,0,0,0,0,0,0,0,0,0,0,0,0,0,0,0,0,0,0,0,0,0
56,1998.0,32.0,401.0,0.0,0,0,2,2,0,0,0,2,0,0,0,0,0,0,0,0,0,0,0,0,0,0,0,0,0,0,0,1,0,0,0,2,0,0,0,0,0,0,0,0,0,0,0,0,0,0,0,0,0
56,1999.0,12.0,174.0,1.0,1,0,0,0,1,0,0,0,0,0,0,0,0,0,0,0,0,0,0,0,0,0,0,0,0,0,0,0,0,0,0,0,0,0,0,0,0,0,0,0,0,0,0,0,0,0,0,0,0
56,2000.0,3.0,172.0,0.0,0,0,0,0,0,0,1,1,0,0,0,0,1,0,0,0,0,0,0,0,0,0,0,0,0,0,0,0,0,0,2,0,0,0,0,0,0,0,0,0,0,0,0,0,0,0,0,0,0
56,2001.0,6.0,73.0,0.0,0,0,0,0,1,0,0,0,0,0,0,0,0,0,0,0,0,0,0,0,0,0,0,0,0,0,0,0,0,0,0,0,0,0,0,0,0,0,0,0,0,0,0,0,0,0,0,0,0
56,2002.0,8.0,82.0,0.0,0,0,0,0,0,0,0,0,1,0,0,0,0,0,0,0,0,0,0,0,0,0,0,0,0,0,0,0,0,0,0,0,0,0,0,0,0,0,0,0,0,0,0,0,0,0,0,0,0
57,1996.0,8.0,409.0,0.0,0,0,0,1,2,1,0,2,0,0,0,0,0,0,0,0,0,0,0,0,0,0,0,0,0,0,0,0,1,0,0,2,0,0,0,0,0,0,0,0,0,0,0,0,0,0,0,0,0
57,1997.0,14.0,443.0,0.0,0,0,2,1,1,1,1,0,0,0,0,0,0,0,0,0,0,0,0,0,0,0,0,0,0,0,2,1,1,1,0,0,0,0,0,0,0,0,0,0,0,0,0,0,0,0,0,0,0
57,1998.0,76.0,378.0,6.0,4,2,0,0,0,0,0,0,0,0,0,0,0,0,0,0,0,0,0,0,0,0,0,0,4,0,0,0,0,0,0,0,0,0,0,0,0,0,0,0,0,0,0,0,0,0,0,0,0
57,1999.0,10.0,89.0,1.0,1,0,0,0,0,0,0,0,0,0,0,0,0,0,0,0,0,0,0,0,0,0,0,0,2,0,0,0,0,0,0,0,0,0,0,0,0,0,0,0,0,0,0,0,0,0,0,0,0
57,2000.0,86.0,175.0,4.0,0,3,0,0,0,0,0,0,0,0,0,0,0,0,0,0,0,0,0,0,0,0,0,0,0,1,0,0,0,0,0,0,0,0,0,0,0,0,0,0,0,0,0,0,0,0,0,0,0
57,2001.0,34.0,73.0,2.0,1,0,0,0,0,0,0,0,0,0,0,0,0,0,0,0,0,0,0,0,0,0,0,0,0,0,0,0,0,0,0,0,0,0,0,0,0,0,0,0,0,0,0,0,0,0,0,0,0
58,1997.0,0.0,58.0,0.0,0,0,0,0,0,0,0,0,0,1,0,0,0,0,0,0,0,0,0,0,0,0,0,0,0,0,0,0,0,0,0,0,0,0,0,0,0,0,0,0,0,0,0,0,0,0,0,0,0
59,2001.0,0.0,72.0,0.0,0,0,0,0,0,0,0,0,0,0,0,0,1,0,0,0,0,0,0,0,0,0,0,0,0,0,0,0,0,0,0,0,0,0,0,0,0,0,0,0,0,0,0,0,0,0,0,0,0
60,2000.0,0.0,170.0,0.0,0,0,0,0,0,0,0,0,0,0,0,0,1,0,2,0,0,0,0,0,0,0,0,0,0,0,0,0,0,0,0,0,0,0,0,0,0,0,0,0,0,0,0,0,0,0,0,0,0
61,2001.0,0.0,72.0,0.0,0,0,0,0,0,0,0,0,0,0,0,0,0,1,0,0,0,0,0,0,0,0,0,0,0,0,0,0,0,0,0,0,0,0,0,0,0,0,0,0,0,0,0,0,0,0,0,0,0
62,2002.0,0.0,43.0,0.0,0,0,0,0,0,0,0,0,0,0,0,0,0,0,0,0,0,0,0,0,0,0,0,0,0,0,0,0,0,0,0,0,0,0,0,0,0,0,0,0,0,0,0,0,0,0,0,0,0
63,1996.0,5.0,338.0,0.0,0,0,0,0,2,1,0,0,0,0,0,0,0,0,0,0,0,0,0,0,0,0,0,0,0,0,0,0,0,0,0,0,0,0,0,0,0,0,0,0,0,0,0,0,0,0,0,0,0
63,1997.0,2.0,482.0,0.0,0,0,0,0,1,0,0,1,1,0,0,0,1,0,0,0,0,0,0,0,0,0,0,0,0,0,0,0,0,0,0,0,0,0,0,0,0,0,0,0,0,0,0,0,0,0,0,0,0
63,1998.0,3.0,72.0,0.0,0,0,0,0,0,0,0,0,0,0,0,0,0,1,0,0,0,0,0,0,0,0,0,0,0,0,0,0,0,0,0,0,0,0,0,0,0,0,0,0,0,0,0,0,0,0,0,0,0
63,1999.0,0.0,59.0,0.0,0,0,0,0,0,0,1,0,0,0,0,0,0,0,0,0,0,0,0,0,0,0,0,0,0,0,0,0,0,0,0,0,0,0,0,0,0,0,0,0,0,0,0,0,0,0,0,0,0
63,2000.0,6.0,172.0,0.0,0,0,0,0,0,1,0,1,0,1,0,0,0,0,0,0,0,0,0,0,0,0,0,0,0,0,0,0,0,0,0,0,0,0,0,0,0,0,0,0,0,0,0,0,0,0,0,0,0
63,2002.0,2.0,105.0,0.0,0,0,0,0,0,0,0,1,0,0,0,1,0,0,0,0,0,0,0,0,0,0,0,0,0,0,0,0,0,0,0,0,0,0,0,0,0,0,0,0,0,0,0,0,0,0,0,0,0
64,1996.0,1.0,350.0,0.0,0,0,0,0,0,1,1,1,0,2,0,0,0,0,0,0,0,0,0,0,0,0,0,0,0,0,0,0,0,0,0,0,0,0,0,0,0,0,0,0,0,0,0,0,0,0,0,0,0
64,1997.0,0.0,373.0,0.0,0,0,0,0,0,0,0,1,0,1,0,0,0,0,0,0,0,0,0,0,0,0,0,0,0,0,0,0,0,0,0,0,0,0,0,0,0,0,0,0,0,0,0,0,0,0,0,0,0
64,1998.0,3.0,94.0,0.0,0,0,0,0,1,0,0,0,0,0,0,0,0,0,0,0,0,0,0,0,0,0,0,0,0,0,0,0,0,0,0,0,0,0,0,0,0,0,0,0,0,0,0,0,0,0,0,0,0
64,2000.0,0.0,172.0,0.0,0,0,0,0,0,0,0,1,0,0,2,0,0,0,0,0,0,0,0,0,0,0,0,0,0,0,0,0,0,0,0,0,0,0,0,0,0,0,0,0,0,0,0,0,0,0,0,0,0
65,1996.0,4.0,258.0,0.0,0,0,1,0,0,0,1,0,1,0,0,0,0,0,0,0,0,0,0,0,0,0,0,0,0,0,0,0,0,0,0,0,1,0,0,0,0,0,0,0,0,0,0,0,0,0,0,0,0
65,1997.0,7.0,410.0,0.0,0,0,0,1,2,0,1,1,0,0,0,0,0,0,0,0,0,0,0,0,0,0,0,0,0,0,0,0,0,0,2,1,0,0,0,0,0,0,0,0,0,0,0,0,0,0,0,0,0
65,1998.0,1.0,304.0,0.0,0,0,0,0,0,1,0,1,0,0,1,0,0,0,0,0,0,0,0,0,0,0,0,0,0,0,0,0,0,0,0,0,0,0,0,0,0,0,0,0,0,0,0,0,0,0,0,0,0
65,1999.0,0.0,58.0,0.0,0,0,0,0,0,0,0,0,0,1,0,0,0,0,0,0,0,0,0,0,0,0,0,0,0,0,0,0,0,0,0,0,0,0,0,0,0,0,0,0,0,0,0,0,0,0,0,0,0
65,2000.0,0.0,172.0,0.0,0,0,0,0,0,0,1,0,0,1,0,1,0,0,0,0,0,0,0,0,0,0,0,0,0,0,0,0,0,0,0,0,0,1,0,0,0,0,0,0,0,0,0,0,0,0,0,0,0
66,2002.0,0.0,55.0,0.0,0,0,0,0,0,0,1,0,0,0,0,0,0,0,0,0,0,0,0,0,0,0,0,0,0,0,0,0,0,0,0,0,0,0,0,0,0,0,0,0,0,0,0,0,0,0,0,0,0
67,2009.0,6.0,776.0,0.0,0,0,0,0,0,0,2,2,0,0,0,1,1,0,1,3,1,1,0,0,0,0,0,0,0,0,0,0,0,0,0,0,0,0,0,0,3,0,1,2,1,1,0,0,0,0,0,0,0
67,2010.0,8.0,892.0,0.0,0,0,0,0,0,0,0,1,1,2,2,3,1,1,1,2,0,0,0,0,0,0,0,0,0,0,0,0,0,0,0,0,0,0,1,0,3,3,3,4,0,0,0,0,0,0,0,0,0
67,2011.0,15.0,944.0,0.0,0,0,0,0,0,0,0,2,2,3,0,2,2,2,1,0,0,0,0,0,0,0,0,0,0,0,0,0,0,0,0,0,2,1,0,1,2,2,2,0,0,0,0,0,0,0,0,0,0
68,1998.0,0.0,180.0,0.0,0,0,0,0,0,0,0,0,1,0,0,1,1,0,0,0,0,0,0,0,0,0,0,0,0,0,0,0,0,0,0,0,0,0,0,0,1,0,0,0,0,0,0,0,0,0,0,0,0
68,1999.0,0.0,155.0,0.0,0,0,0,0,0,0,1,1,0,0,0,0,0,0,0,0,0,0,0,0,0,0,0,0,0,0,0,0,0,0,0,0,0,0,0,0,0,0,0,0,0,0,0,0,0,0,0,0,0
69,1996.0,0.0,210.0,0.0,0,0,0,0,0,0,0,0,0,1,1,0,0,0,0,0,0,0,0,0,0,0,0,0,0,0,0,0,0,0,0,0,0,0,0,0,0,0,0,0,0,0,0,0,0,0,0,0,0
69,1999.0,0.0,59.0,0.0,0,0,0,0,0,0,0,1,0,0,0,0,0,0,0,0,0,0,0,0,0,0,0,0,0,0,0,0,0,0,0,0,0,0,0,0,0,0,0,0,0,0,0,0,0,0,0,0,0
69,2009.0,0.0,100.0,0.0,0,0,0,0,0,0,0,0,0,0,0,0,0,1,0,0,1,0,0,0,0,0,0,0,0,0,0,0,0,0,0,0,0,0,0,0,0,0,0,0,0,0,0,0,0,0,0,0,0
70,1999.0,0.0,58.0,0.0,0,0,0,0,0,0,0,0,0,0,1,0,0,0,0,0,0,0,0,0,0,0,0,0,0,0,0,0,0,0,0,0,0,0,0,0,0,0,0,0,0,0,0,0,0,0,0,0,0
71,1996.0,43.0,381.0,4.0,4,0,0,1,0,0,0,0,0,0,0,0,0,0,0,0,0,0,0,0,0,0,0,0,4,0,0,0,0,0,0,0,0,0,0,0,0,0,0,0,0,0,0,0,0,0,0,0,0
71,1997.0,1.0,355.0,0.0,0,0,0,0,0,1,0,1,1,0,0,1,0,0,0,0,1,0,0,0,0,0,0,0,0,0,0,0,0,0,0,0,1,0,0,1,0,0,0,0,1,0,0,0,0,0,0,0,0
71,1998.0,16.0,371.0,1.0,1,0,0,1,0,0,1,2,0,0,0,0,0,0,0,0,0,0,0,0,0,0,0,0,0,0,0,0,0,0,1,0,0,0,0,0,0,0,0,0,0,0,0,0,0,0,0,0,0
71,1999.0,3.0,61.0,0.0,0,0,0,1,0,0,0,0,0,0,0,0,0,0,0,0,0,0,0,0,0,0,0,0,0,0,0,0,0,0,0,0,0,0,0,0,0,0,0,0,0,0,0,0,0,0,0,0,0
73,1996.0,0.0,212.0,0.0,0,0,0,0,0,0,0,0,1,0,1,0,0,0,0,0,0,0,0,0,0,0,0,0,0,0,0,0,0,0,0,0,0,0,0,0,0,0,0,0,0,0,0,0,0,0,0,0,0
73,1998.0,0.0,166.0,0.0,0,0,0,0,0,0,0,0,0,0,0,1,0,1,0,0,0,0,0,0,0,0,0,0,0,0,0,0,0,0,0,0,0,0,0,0,0,0,0,0,0,0,0,0,0,0,0,0,0
74,1998.0,0.0,119.0,0.0,0,0,0,0,0,0,0,0,0,0,0,0,0,0,0,1,0,0,0,0,0,0,0,0,0,0,0,0,0,0,0,0,0,0,0,0,0,0,0,0,0,0,0,0,0,0,0,0,0
75,1997.0,1.0,420.0,0.0,0,0,0,0,0,1,2,0,0,0,1,0,0,1,0,0,0,0,0,0,0,0,0,0,0,0,0,0,0,0,0,0,0,0,0,0,0,0,0,0,0,0,0,0,0,0,0,0,0
75,1998.0,0.0,272.0,0.0,0,0,0,0,0,0,0,2,0,0,1,0,1,0,0,0,0,0,0,0,0,0,0,0,0,0,0,0,0,0,0,0,0,0,0,0,0,0,0,0,0,0,0,0,0,0,0,0,0
76,1997.0,0.0,302.0,0.0,0,0,0,0,0,0,1,0,0,1,0,0,1,0,0,0,0,0,0,0,0,0,0,0,0,0,0,0,0,0,0,0,0,0,0,0,0,0,0,0,0,0,0,0,0,0,0,0,0
76,1998.0,0.0,87.0,0.0,0,0,0,0,0,0,0,0,0,1,0,0,0,0,0,0,0,0,0,0,0,0,0,0,0,0,0,0,0,0,0,0,0,0,0,0,0,0,0,0,0,0,0,0,0,0,0,0,0
77,1996.0,7.0,323.0,0.0,0,0,1,1,0,0,0,0,1,0,0,0,0,0,0,0,0,0,0,0,0,0,0,0,0,0,0,1,0,0,0,0,0,0,0,0,0,0,0,0,0,0,0,0,0,0,0,0,0
77,1997.0,20.0,375.0,1.0,1,1,0,1,0,1,0,0,1,1,0,0,0,0,0,0,0,0,0,0,0,0,0,0,1,0,0,0,0,1,0,0,0,1,0,0,0,0,0,0,0,0,0,0,0,0,0,0,0
78,1997.0,1.0,277.0,0.0,0,0,0,0,0,1,1,0,0,0,1,0,0,0,0,0,0,0,0,0,0,0,0,0,0,0,0,0,0,0,0,0,0,0,1,0,0,0,0,0,0,0,0,0,0,0,0,0,0
79,1996.0,0.0,272.0,0.0,0,0,0,0,0,0,0,0,1,0,1,0,0,0,0,0,0,0,0,0,0,0,0,0,0,0,0,0,0,0,0,0,0,0,0,0,0,0,0,0,0,0,0,0,0,0,0,0,0
79,1997.0,0.0,332.0,0.0,0,0,0,0,0,0,0,0,0,1,2,0,0,0,0,0,0,1,0,0,0,0,0,0,0,0,0,0,0,0,0,0,0,0,0,0,0,0,0,0,0,1,0,0,0,0,0,0,0
81,1997.0,0.0,115.0,0.0,0,0,0,0,0,0,0,0,0,1,0,0,0,1,0,0,0,0,0,0,0,0,0,0,0,0,0,0,0,0,0,0,0,0,0,0,0,0,0,0,0,0,0,0,0,0,0,0,0
82,1997.0,0.0,102.0,0.0,0,0,0,0,0,0,0,0,2,0,0,0,0,0,0,0,0,0,0,0,0,0,0,0,0,0,0,0,0,0,0,0,0,0,0,0,0,0,0,0,0,0,0,0,0,0,0,0,0
83,1996.0,0.0,233.0,0.0,0,0,0,0,0,0,0,0,1,1,0,1,0,0,0,0,0,0,0,0,0,0,0,0,0,0,0,0,0,0,0,0,0,0,0,0,0,0,0,0,0,0,0,0,0,0,0,0,0
84,1996.0,1.0,248.0,0.0,0,0,0,0,0,1,0,0,0,0,0,1,0,0,0,0,0,0,0,0,0,0,0,0,0,0,0,0,0,1,0,0,0,0,0,1,0,0,0,0,0,0,0,0,0,0,0,0,0
85,1996.0,0.0,69.0,0.0,0,0,0,0,0,0,0,0,0,1,0,0,0,0,0,0,0,0,0,0,0,0,0,0,0,0,0,0,0,0,0,0,0,0,0,0,0,0,0,0,0,0,0,0,0,0,0,0,0
153,2009.0,0.0,303.0,0.0,0,0,0,0,0,0,0,0,0,0,0,0,0,1,1,1,0,0,0,0,0,0,0,0,0,0,0,0,0,0,0,0,0,0,0,0,0,1,0,1,0,0,0,0,0,0,0,0,0
153,2010.0,5.0,1045.0,0.0,0,0,0,0,0,0,0,0,2,1,5,3,4,0,2,0,0,0,0,0,0,0,0,0,0,0,0,0,0,0,0,0,0,0,2,1,0,0,4,0,0,0,0,0,0,0,0,0,0
153,2011.0,26.0,1013.0,0.0,0,0,0,0,0,0,2,3,0,2,2,1,0,1,2,2,0,0,0,0,1,0,0,0,0,0,0,0,0,0,1,0,0,1,1,1,0,0,1,4,0,0,0,0,0,0,0,0,0
154,2009.0,0.0,288.0,0.0,0,0,0,0,0,0,0,0,0,0,0,0,1,0,2,1,0,1,0,0,0,0,0,0,0,0,0,0,0,0,0,0,0,0,0,0,1,0,0,0,0,1,0,0,0,0,0,0,0
154,2012.0,96.0,803.0,0.0,0,1,2,1,0,2,3,0,1,0,0,0,0,0,0,0,0,1,1,0,0,0,0,0,0,1,2,2,0,1,3,0,2,0,0,0,0,0,0,0,0,1,1,0,0,0,0,0,0
154,2013.0,132.0,963.0,0.0,0,1,5,1,0,2,0,2,1,1,0,0,1,0,0,0,0,0,1,0,0,1,0,0,0,0,4,1,0,4,0,1,0,0,0,0,2,0,0,0,0,0,0,0,0,1,0,0,0
154,2014.0,8.0,954.0,0.0,0,0,0,0,0,0,0,2,0,0,2,2,2,1,1,1,2,0,0,0,0,0,0,0,0,0,0,0,0,0,0,0,0,0,1,0,0,5,3,4,1,0,0,0,0,0,0,0,0
154,2015.0,51.0,857.0,0.0,0,0,1,0,0,0,4,2,1,2,1,1,1,0,0,0,0,0,0,0,0,0,0,0,0,0,0,0,0,0,0,4,2,5,1,1,0,0,0,0,0,0,0,0,0,0,0,0,0
154,2016.0,29.0,1030.0,0.0,0,0,0,0,1,1,1,1,0,1,3,0,4,2,0,0,0,0,1,1,0,0,0,0,0,0,0,0,0,0,1,0,0,0,3,0,2,4,0,0,0,0,1,1,0,0,0,0,0
154,2017.0,28.0,1037.0,0.0,0,0,0,0,0,1,1,2,2,2,2,0,3,1,3,0,0,0,0,0,0,0,0,0,0,0,0,0,0,2,0,1,1,1,2,0,1,3,2,0,0,0,0,0,0,0,0,0,0
154,2018.0,37.0,1074.0,0.0,0,0,0,1,0,1,1,2,1,1,2,1,1,0,2,1,1,0,0,0,0,0,0,0,0,0,0,0,0,3,1,4,1,3,0,0,0,0,0,1,0,0,0,0,0,0,0,0,0
154,2019.0,8.0,1043.0,0.0,0,0,0,0,0,0,1,0,0,2,2,0,3,1,2,2,1,0,0,1,0,0,0,0,0,0,0,0,0,0,2,0,0,2,2,0,2,3,2,1,1,0,0,0,0,0,0,0,0
154,2020.0,2.0,800.0,0.0,0,0,0,0,0,0,0,0,1,0,0,2,1,1,1,3,2,0,1,0,0,0,0,0,0,0,0,0,0,0,0,0,0,0,0,0,1,0,2,4,4,0,0,0,0,0,0,0,0
155,2009.0,3.0,126.0,0.0,0,0,0,0,0,1,0,0,0,1,0,0,0,0,0,0,0,0,0,0,0,0,0,0,0,0,0,0,0,0,0,0,0,0,0,0,0,0,0,0,0,0,0,0,0,0,0,0,0
155,2010.0,32.0,720.0,0.0,0,0,0,0,0,1,2,2,1,2,1,1,0,1,0,0,0,0,0,0,0,0,0,0,0,0,0,0,0,0,0,0,1,3,0,5,0,1,0,0,0,0,0,0,0,0,0,0,0
155,2011.0,30.0,887.0,0.0,0,0,0,0,1,0,2,0,2,3,1,1,1,1,1,1,0,0,0,0,0,0,0,0,0,0,0,0,0,0,1,0,0,1,0,2,3,3,0,2,0,0,0,0,0,0,0,0,0
155,2012.0,60.0,1043.0,0.0,0,0,1,1,1,2,0,0,3,1,1,0,3,2,0,0,0,1,0,0,0,0,0,0,0,0,2,0,0,0,0,0,1,0,2,0,2,1,0,0,0,0,0,0,0,0,0,0,0
155,2014.0,0.0,665.0,0.0,0,0,0,0,0,0,0,0,0,0,0,0,2,0,2,2,1,1,1,0,0,0,0,0,0,0,0,0,0,0,0,0,0,0,0,0,0,0,0,1,1,3,4,0,0,0,0,0,0
807,2010.0,22.0,923.0,0.0,0,0,0,0,0,1,1,1,0,4,0,0,2,2,1,2,1,0,0,0,0,0,0,0,0,0,0,0,0,0,0,2,0,2,0,0,3,0,1,1,2,0,0,0,0,0,0,0,0
807,2012.0,63.0,1025.0,0.0,0,0,0,1,2,1,1,3,2,1,1,3,0,1,1,0,0,0,0,0,0,0,0,0,0,0,0,1,0,2,0,2,0,2,2,1,0,1,1,0,0,0,0,0,0,0,0,0,0
807,2013.0,51.0,1039.0,0.0,0,0,0,1,1,2,0,2,1,3,2,1,1,1,1,0,0,0,1,0,0,0,0,0,0,0,0,1,1,0,0,0,1,3,3,2,0,2,1,0,0,0,0,0,0,0,0,0,0
807,2014.0,96.0,1038.0,0.0,0,0,0,0,4,3,1,3,2,2,0,2,0,0,0,0,0,0,0,0,0,0,0,0,0,0,0,0,0,0,2,1,2,2,0,2,0,0,0,0,0,0,0,0,0,0,0,0,0
807,2015.0,58.0,901.0,0.0,0,0,0,0,0,3,5,1,0,0,1,0,1,1,1,0,0,0,0,0,0,0,0,0,0,0,0,0,0,1,2,1,0,0,3,0,3,0,0,0,0,0,0,0,0,0,0,0,0
807,2016.0,72.0,1042.0,0.0,0,0,0,1,0,1,6,3,1,2,0,0,0,0,2,0,0,0,1,0,0,0,0,0,0,0,0,0,0,0,3,5,4,1,0,0,0,0,0,0,0,0,0,0,0,0,0,0,0
807,2017.0,43.0,973.0,0.0,0,0,0,0,0,4,0,2,1,1,1,1,2,0,0,1,1,0,0,0,0,0,0,0,0,0,0,0,0,0,0,2,0,2,3,1,2,0,0,0,0,0,0,0,0,0,0,0,0
807,2018.0,69.0,936.0,0.0,0,0,0,0,1,5,2,1,1,1,0,2,1,0,0,0,0,0,0,0,0,0,0,0,0,0,0,0,0,0,7,0,0,2,0,2,2,0,0,0,0,0,0,0,0,0,0,0,0
807,2019.0,37.0,1182.0,0.0,0,0,0,0,1,0,2,2,2,3,0,2,3,1,1,0,0,0,0,0,0,0,0,0,0,0,0,0,0,0,1,2,2,1,0,2,2,0,3,0,0,0,0,0,0,0,0,0,0
807,2020.0,10.0,112.0,0.0,0,0,0,0,0,0,1,1,0,0,0,0,0,0,0,0,0,0,0,0,0,0,0,0,0,0,0,0,0,0,0,0,0,0,0,0,0,0,0,0,0,0,0,0,0,0,0,0,0
807,2022.0,0.0,107.0,0.0,0,0,0,0,0,0,0,0,0,0,0,1,0,0,0,0,1,0,0,0,0,0,0,0,0,0,0,0,0,0,0,0,0,0,0,0,0,0,0,0,2,0,0,0,0,0,0,0,0
808,2010.0,27.0,939.0,0.0,0,0,0,0,1,1,1,0,1,1,2,0,3,1,1,1,1,0,0,0,0,0,0,0,0,0,0,0,0,0,1,0,1,3,1,0,1,3,1,0,1,0,0,0,0,0,0,0,0
808,2011.0,37.0,1017.0,0.0,0,0,1,0,1,0,0,1,3,2,2,2,1,0,1,0,2,0,0,0,0,0,0,0,0,0,0,0,0,0,0,2,1,5,1,2,0,0,1,0,0,0,0,0,0,0,0,0,0
808,2012.0,0.0,1036.0,0.0,0,0,0,0,0,0,0,0,0,0,1,0,1,1,1,5,4,1,3,0,0,0,0,0,0,0,0,0,0,0,0,0,0,0,0,0,0,0,0,0,0,8,6,0,0,0,0,0,0
810,2010.0,0.0,769.0,0.0,0,0,0,0,0,0,0,0,0,0,0,0,0,1,1,0,2,2,3,1,0,0,0,0,0,0,0,0,0,0,0,0,0,0,0,0,0,0,0,0,0,0,0,1,0,0,0,0,0
811,2010.0,0.0,701.0,0.0,0,0,0,0,0,0,0,0,0,0,0,0,0,1,1,2,1,0,2,1,1,0,0,0,0,0,0,0,0,0,0,0,0,0,0,0,0,0,0,0,0,0,0,1,1,0,0,0,0
811,2011.0,2.0,444.0,0.0,0,0,0,0,0,0,0,0,1,0,0,1,2,0,1,2,1,0,0,0,0,0,0,0,0,0,0,0,0,0,0,0,2,0,0,0,0,0,2,0,0,0,0,0,0,0,0,0,0
811,2012.0,31.0,1054.0,0.0,0,0,0,0,0,1,2,1,1,5,0,1,0,1,1,1,2,1,0,0,0,1,0,0,0,0,0,0,0,0,0,0,1,1,0,0,0,5,1,2,3,0,0,0,0,1,0,0,0
812,2010.0,0.0,479.0,0.0,0,0,0,0,0,0,0,0,0,0,0,0,0,2,1,0,1,2,1,1,0,0,0,0,0,0,0,0,0,0,0,0,0,0,0,0,0,0,0,0,0,0,0,0,0,0,0,0,0
812,2011.0,0.0,56.0,0.0,0,0,0,0,0,0,0,0,0,0,0,0,0,0,0,0,0,0,0,1,0,0,0,0,0,0,0,0,0,0,0,0,0,0,0,0,0,0,0,0,0,0,0,1,0,0,0,0,0
813,2011.0,1.0,893.0,0.0,0,0,0,0,0,0,0,0,0,1,2,0,0,4,1,1,1,3,0,0,0,0,0,0,0,0,0,0,0,0,0,0,0,0,0,0,0,3,2,1,2,2,0,0,0,0,0,0,0
813,2012.0,45.0,943.0,1.0,1,0,0,0,1,0,0,2,1,0,1,1,3,1,1,2,0,0,1,0,0,0,0,0,1,0,0,0,1,0,0,2,2,0,1,1,1,0,1,1,0,0,0,0,0,0,0,0,0
813,2013.0,1.0,1044.0,0.0,0,0,0,0,0,0,0,0,0,1,4,1,1,3,1,3,2,0,0,0,0,0,0,0,0,0,0,0,0,0,0,0,0,0,0,0,1,3,3,3,5,0,0,0,0,0,0,0,0
813,2014.0,2.0,847.0,0.0,0,0,0,0,0,0,0,0,1,0,0,4,1,3,1,1,1,1,0,0,0,0,0,0,0,0,0,0,0,0,0,0,0,0,0,0,1,0,1,3,3,2,0,0,0,0,0,0,0
813,2015.0,27.0,778.0,0.0,0,0,0,0,0,0,3,2,0,1,1,1,0,1,1,0,0,0,0,0,0,0,0,0,0,0,0,0,0,0,1,1,0,2,2,3,0,2,1,0,0,0,0,0,0,0,0,0,0
814,2011.0,27.0,1105.0,0.0,0,0,0,0,0,1,1,2,1,3,2,3,2,1,1,0,0,1,0,0,0,0,0,0,0,0,0,0,0,1,0,1,1,2,4,4,2,2,0,0,0,0,0,0,0,0,0,0,0
814,2012.0,46.0,1137.0,0.0,0,0,0,1,0,1,3,1,1,2,2,5,0,1,1,0,0,0,1,0,0,0,0,0,0,0,0,0,0,1,0,1,3,4,1,3,0,3,2,0,0,0,0,0,0,0,0,0,0
814,2013.0,48.0,982.0,0.0,0,0,0,1,0,1,2,3,2,0,3,0,0,0,0,1,0,1,0,1,0,0,0,0,0,0,0,0,0,0,0,0,1,0,3,0,0,0,0,0,0,1,0,0,0,0,0,0,0
814,2017.0,0.0,60.0,0.0,0,0,0,0,0,0,0,0,0,0,0,0,0,0,0,0,0,0,0,0,0,0,0,0,0,0,0,0,0,0,0,0,0,0,0,0,0,0,0,0,0,0,0,0,0,0,0,0,0
815,2011.0,14.0,844.0,0.0,0,0,0,0,0,0,1,1,1,2,3,0,1,1,1,1,1,0,0,0,0,0,0,0,0,0,0,0,0,0,0,0,1,1,2,0,0,0,3,2,3,0,0,0,0,0,0,0,0
815,2012.0,66.0,855.0,0.0,0,2,1,0,0,1,0,1,1,1,4,0,0,1,1,0,0,0,0,0,0,0,0,0,0,0,0,0,0,0,0,3,1,0,1,0,0,2,4,0,0,0,0,0,0,0,0,0,0
815,2013.0,49.0,1116.0,0.0,0,0,0,0,1,2,1,2,4,1,4,1,0,0,1,1,0,0,0,1,0,0,0,0,0,0,0,0,0,0,2,3,3,1,1,3,0,0,1,0,0,0,0,0,0,0,0,0,0
815,2014.0,59.0,892.0,0.0,0,0,1,0,0,1,3,1,2,4,2,0,0,0,1,0,0,0,0,0,0,0,0,0,0,0,0,0,0,0,1,0,0,2,4,0,0,0,2,0,0,0,0,0,0,0,0,0,0
815,2015.0,78.0,1123.0,0.0,0,0,1,0,3,1,2,2,2,1,2,2,2,0,0,0,0,0,0,0,0,0,0,0,0,0,0,0,1,0,3,0,2,1,3,0,3,0,0,0,0,0,0,0,0,0,0,0,0
815,2016.0,101.0,1260.0,0.0,0,0,2,1,1,2,2,4,1,3,2,0,1,0,0,1,1,0,0,0,0,0,0,0,0,0,0,0,1,2,4,2,4,1,2,0,1,0,0,1,1,0,0,0,0,0,0,0,0
815,2017.0,100.0,1174.0,0.0,0,0,0,1,2,2,6,2,4,0,0,0,1,0,0,0,1,0,0,0,0,0,0,0,0,0,0,0,1,2,3,5,4,0,0,0,1,0,0,0,0,0,0,0,0,0,0,0,0
815,2018.0,62.0,1196.0,0.0,0,0,1,0,1,0,4,2,1,3,1,2,0,2,0,2,0,0,0,0,0,0,0,0,0,0,0,0,0,0,1,3,2,3,0,4,0,2,0,1,0,0,0,0,0,0,0,0,0
815,2019.0,52.0,1169.0,0.0,0,0,0,0,0,2,4,2,1,2,2,3,1,0,1,0,1,0,0,0,0,0,0,0,0,0,0,0,0,0,1,1,0,2,2,1,1,0,5,0,1,0,0,0,0,0,0,0,0
815,2020.0,125.0,879.0,1.0,1,1,0,2,2,3,2,0,0,2,0,0,0,0,0,0,0,1,0,0,0,0,0,0,0,0,0,4,3,1,1,0,0,0,0,0,0,0,0,0,0,0,0,0,0,0,0,0,0
815,2021.0,190.0,1186.0,1.0,1,0,4,5,3,1,0,1,1,0,1,0,0,0,1,1,0,0,1,0,0,0,0,0,0,0,2,6,1,2,0,3,1,0,1,0,0,0,0,0,0,0,0,0,0,0,0,0,0
815,2022.0,305.0,1183.0,2.0,2,7,2,4,2,1,1,0,0,0,0,0,0,0,0,0,0,1,0,0,0,0,0,0,1,4,4,6,3,0,0,0,0,0,0,0,0,0,0,0,0,0,0,0,0,0,0,0,0
816,2011.0,0.0,990.0,0.0,0,0,0,0,0,0,0,0,0,0,0,0,0,1,2,1,2,2,2,4,1,1,0,0,0,0,0,0,0,0,0,0,0,0,0,0,0,0,0,0,0,0,0,2,5,6,0,0,0
816,2012.0,0.0,53.0,0.0,0,0,0,0,0,0,0,0,0,0,0,0,1,0,0,0,0,0,0,0,0,0,0,0,0,0,0,0,0,0,0,0,0,0,0,0,0,0,0,0,0,0,0,0,0,0,0,0,0
817,2011.0,0.0,559.0,0.0,0,0,0,0,0,0,0,0,0,0,0,0,0,0,0,0,0,2,4,1,0,1,0,0,0,0,0,0,0,0,0,0,0,0,0,0,0,0,0,0,0,0,0,1,0,4,0,0,0
817,2012.0,10.0,1175.0,0.0,0,0,0,0,0,0,0,0,4,2,1,3,5,1,2,0,1,0,0,0,0,0,0,0,0,0,0,0,0,0,0,0,0,1,1,1,0,3,6,0,2,0,0,0,0,0,0,0,0
817,2013.0,20.0,1041.0,0.0,0,0,0,0,0,0,2,1,0,4,1,1,2,0,1,2,0,1,1,0,0,0,0,0,0,0,0,0,0,0,3,1,0,1,3,2,2,0,0,1,0,0,1,0,0,0,0,0,0
817,2014.0,214.0,1040.0,3.0,3,0,5,3,1,1,1,1,0,0,0,0,0,0,0,0,0,0,0,0,0,0,0,0,0,0,3,1,5,3,0,1,0,0,0,0,0,0,0,0,0,0,0,0,0,0,0,0,0
817,2015.0,92.0,1080.0,0.0,0,1,1,0,2,3,1,1,1,3,1,0,1,0,2,0,0,0,0,0,0,0,0,0,0,1,1,0,3,1,3,0,1,3,0,0,0,0,0,0,0,0,0,0,0,0,0,0,0
817,2016.0,256.0,1267.0,1.0,1,4,3,5,3,1,2,1,0,0,1,0,0,0,0,0,0,0,0,0,0,0,0,0,1,3,5,5,4,2,0,1,0,0,0,0,0,0,0,0,0,0,0,0,0,0,0,0,0
817,2017.0,200.0,904.0,1.0,1,1,7,2,2,1,0,0,0,0,0,0,0,0,0,0,0,0,0,0,0,0,0,0,0,0,2,5,3,3,0,0,0,0,0,0,0,0,0,0,0,0,0,0,0,0,0,0,0
817,2018.0,170.0,1034.0,2.0,2,0,0,7,2,2,0,0,0,0,0,0,0,0,0,0,0,0,0,0,0,0,0,0,2,0,0,3,2,5,0,0,0,0,0,0,0,0,0,0,0,0,0,0,0,0,0,0,0
817,2019.0,54.0,1120.0,0.0,0,0,0,1,0,3,2,1,1,0,2,2,0,3,0,0,0,0,0,0,0,0,0,0,0,0,0,1,0,1,3,1,1,0,1,2,0,0,0,0,0,0,0,0,0,0,0,0,0
817,2020.0,119.0,979.0,0.0,0,0,2,3,2,1,2,2,1,1,1,0,0,1,0,0,0,0,0,0,0,0,0,0,0,0,0,1,4,2,2,3,0,2,2,0,0,0,0,0,0,0,0,0,0,0,0,0,0
817,2021.0,115.0,1267.0,1.0,1,0,0,2,3,3,2,0,2,0,2,4,2,0,0,0,0,0,0,0,0,0,0,0,0,0,0,1,1,4,2,0,0,0,3,1,3,0,0,0,0,0,0,0,0,0,0,0,0
817,2022.0,37.0,1195.0,0.0,0,0,0,0,1,1,1,1,3,0,2,1,3,1,2,1,1,1,0,0,0,0,0,0,0,0,0,0,0,1,2,0,4,0,3,1,1,4,1,1,1,1,0,0,0,0,0,0,0
818,2012.0,16.0,1048.0,0.0,0,0,0,0,0,0,0,4,0,0,1,3,1,3,2,2,0,0,0,0,0,0,0,0,0,0,0,0,0,0,0,0,0,0,1,0,0,2,2,5,0,0,0,0,0,0,0,0,0
818,2013.0,13.0,974.0,0.0,0,0,0,0,0,1,0,1,0,1,0,6,1,1,1,0,1,1,0,1,0,0,0,0,0,0,0,0,0,0,0,1,0,2,0,3,2,3,1,0,2,1,0,0,0,0,0,0,0
818,2014.0,22.0,971.0,0.0,0,0,0,0,0,1,0,2,2,2,1,2,4,0,0,0,0,0,0,0,0,0,0,0,0,0,0,0,0,1,0,2,3,2,0,3,1,0,0,0,0,0,0,0,0,0,0,0,0
819,2012.0,0.0,1062.0,0.0,0,0,0,0,0,0,0,0,0,0,0,1,0,0,2,3,0,0,3,6,0,0,0,0,0,0,0,0,0,0,0,0,0,0,0,0,0,0,0,0,0,0,2,4,0,0,0,0,0
819,2013.0,0.0,969.0,0.0,0,0,0,0,0,0,0,0,0,0,0,0,0,2,2,2,4,2,2,1,0,0,0,0,0,0,0,0,0,0,0,0,0,0,0,0,0,0,0,0,0,5,4,4,0,0,0,0,0
820,2013.0,0.0,1103.0,0.0,0,0,0,0,0,0,0,0,0,0,0,0,0,1,0,1,7,0,6,2,2,0,0,0,0,0,0,0,0,0,0,0,0,0,0,0,0,0,0,1,0,0,1,4,6,0,0,0,0
820,2014.0,0.0,769.0,0.0,0,0,0,0,0,0,0,0,0,0,0,0,2,1,1,3,3,1,2,0,0,0,0,0,0,0,0,0,0,0,0,0,0,0,0,0,0,0,0,0,3,1,2,0,0,0,0,0,0
821,2013.0,6.0,1024.0,0.0,0,0,0,0,0,0,1,0,0,0,2,3,4,4,1,0,0,1,0,1,0,0,0,0,0,0,0,0,0,0,0,0,0,0,0,0,0,3,1,0,0,1,0,1,0,0,0,0,0
821,2014.0,0.0,934.0,0.0,0,0,0,0,0,0,0,0,0,0,0,1,1,4,3,2,0,0,2,0,0,0,0,0,0,0,0,0,0,0,0,0,0,0,0,1,3,2,4,1,0,0,1,0,0,0,0,0,0
821,2016.0,0.0,1096.0,0.0,0,0,0,0,0,0,0,0,0,0,5,2,3,1,0,2,1,0,1,1,0,0,0,0,0,0,0,0,0,0,0,0,0,0,2,2,5,3,0,2,1,0,0,1,0,0,0,0,0
822,2013.0,4.0,1070.0,0.0,0,0,0,0,0,0,0,1,0,0,1,3,2,3,3,3,1,0,0,0,0,0,0,0,0,0,0,0,0,0,0,0,0,0,0,0,2,1,3,6,2,0,0,0,0,0,0,0,0
822,2014.0,186.0,1110.0,0.0,0,2,4,1,3,1,2,3,0,1,1,0,0,0,0,0,0,0,0,0,0,0,0,0,0,2,7,3,0,1,1,1,0,0,0,0,0,0,0,0,0,0,0,0,0,0,0,0,0
822,2015.0,136.0,1037.0,0.0,0,0,2,3,6,1,0,0,1,0,0,1,2,1,0,0,0,0,0,0,0,0,0,0,0,0,3,3,2,5,0,0,0,0,0,0,0,0,0,0,0,0,0,0,0,0,0,0,0
822,2016.0,85.0,1186.0,0.0,0,0,1,1,2,2,0,3,4,2,1,1,0,1,0,1,0,0,0,0,0,0,0,0,0,0,0,0,2,2,0,4,0,3,4,0,0,0,0,1,0,0,0,0,0,0,0,0,0
822,2017.0,305.0,1168.0,3.0,3,6,4,2,3,1,0,0,0,0,0,0,0,0,0,0,0,0,0,0,0,0,0,0,4,1,9,2,1,2,0,0,0,0,0,0,0,0,0,0,0,0,0,0,0,0,0,0,0
822,2018.0,247.0,1202.0,0.0,0,7,1,3,6,0,1,1,0,0,0,0,0,0,0,0,0,0,0,0,0,0,0,0,0,7,5,3,2,0,0,0,0,0,0,0,0,0,0,0,0,0,0,0,0,0,0,0,0
822,2019.0,326.0,1233.0,4.0,4,7,4,2,1,0,0,1,0,0,0,0,0,0,0,0,0,0,0,0,0,0,0,0,5,4,4,4,1,0,0,0,0,0,0,0,0,0,0,0,0,0,0,0,0,0,0,0,0
822,2020.0,223.0,994.0,2.0,2,6,3,0,1,0,0,2,0,0,1,0,0,1,0,0,0,0,0,0,0,0,0,0,5,9,1,0,0,0,0,0,0,0,0,0,0,0,0,0,0,0,0,0,0,0,0,0,0
822,2021.0,226.0,1134.0,1.0,1,1,9,1,1,2,0,0,0,0,0,2,0,0,1,0,0,0,0,0,0,0,0,0,4,1,6,0,2,2,0,0,0,0,0,0,0,0,0,0,0,0,0,0,0,0,0,0,0
822,2022.0,49.0,1136.0,0.0,0,0,0,0,1,2,2,1,2,1,3,0,1,1,2,0,0,0,0,1,0,0,0,0,0,0,0,0,1,2,3,2,0,0,2,0,1,1,3,0,0,0,0,0,0,0,0,0,0
823,2013.0,0.0,931.0,0.0,0,0,0,0,0,0,0,0,0,0,0,0,0,1,3,2,0,7,1,0,2,0,0,0,0,0,0,0,0,0,0,0,0,0,0,0,0,1,1,0,0,3,1,0,3,0,0,0,0
824,2013.0,0.0,998.0,0.0,0,0,0,0,0,0,0,0,0,0,0,0,1,0,2,3,2,5,2,1,0,0,0,0,0,0,0,0,0,0,0,0,0,0,0,0,0,0,1,0,0,1,8,2,0,0,0,0,0
824,2014.0,2.0,754.0,0.0,0,0,0,0,0,0,0,0,1,0,0,0,0,1,3,2,1,3,0,1,0,0,0,0,0,0,0,0,0,0,0,0,0,0,0,0,0,0,1,1,1,4,0,0,0,0,0,0,0
825,2014.0,55.0,1111.0,0.0,0,1,0,0,1,0,2,1,4,3,1,3,1,1,0,0,0,0,0,0,0,0,0,0,0,0,0,0,2,0,4,3,2,0,1,1,0,1,0,0,0,0,0,0,0,0,0,0,0
825,2016.0,7.0,1009.0,0.0,0,0,0,0,0,0,1,0,0,1,1,2,0,5,1,1,4,0,0,0,0,0,0,0,0,0,0,0,0,0,0,0,0,0,0,1,0,3,2,3,4,0,0,0,0,0,0,0,0
825,2017.0,19.0,1003.0,0.0,0,0,0,0,0,0,1,3,0,1,1,3,3,1,1,1,0,0,0,0,0,0,0,0,0,0,0,0,0,0,0,0,0,0,2,4,1,2,2,2,0,0,0,0,0,0,0,0,0
825,2018.0,56.0,1172.0,0.0,0,0,0,0,2,2,1,2,2,2,1,0,3,0,1,1,0,1,0,0,0,0,0,0,0,0,0,0,3,1,2,1,3,1,3,0,1,0,1,2,0,0,0,0,0,0,0,0,0
825,2019.0,20.0,1187.0,0.0,0,0,0,0,0,1,1,1,1,0,1,1,4,2,2,0,3,1,1,0,0,0,0,0,0,0,0,0,0,1,1,2,2,0,1,3,2,2,1,0,1,0,1,0,0,0,0,0,0
825,2020.0,1.0,814.0,0.0,0,0,0,0,0,0,0,0,0,1,0,2,1,0,2,1,3,1,0,0,0,0,0,0,0,0,0,0,0,0,0,0,0,0,0,0,1,0,4,2,2,2,0,0,0,0,0,0,0
825,2022.0,25.0,1132.0,0.0,0,0,0,0,1,0,0,1,3,1,0,1,0,2,1,4,4,0,0,0,0,0,0,0,0,0,0,0,1,0,0,2,1,1,0,1,0,0,0,5,1,0,0,0,0,0,0,0,0
826,2014.0,8.0,924.0,0.0,0,0,0,0,0,0,0,0,3,2,4,0,0,4,1,0,0,0,0,0,0,0,0,0,0,0,0,0,0,0,0,0,2,2,2,0,0,0,1,0,0,0,0,0,0,0,0,0,0
826,2015.0,95.0,1027.0,0.0,0,1,0,3,1,2,1,0,3,3,0,1,1,0,0,0,0,0,0,0,0,0,0,0,0,0,0,3,2,1,2,0,1,0,0,2,0,0,0,0,0,0,0,0,0,0,0,0,0
826,2016.0,25.0,969.0,0.0,0,0,1,0,0,0,1,0,1,2,1,1,2,2,2,1,0,1,0,0,0,0,0,0,0,0,0,0,0,0,1,0,0,0,0,1,3,1,4,1,0,2,0,0,0,0,0,0,0
826,2017.0,5.0,728.0,0.0,0,0,0,0,0,0,0,0,2,1,1,4,0,1,1,1,0,0,0,0,0,0,0,0,0,0,0,0,0,0,0,0,3,0,4,2,0,1,0,1,0,0,0,0,0,0,0,0,0
826,2019.0,37.0,1194.0,0.0,0,0,1,0,0,0,2,0,3,4,1,3,0,1,2,0,1,0,0,0,0,0,0,0,0,0,0,0,0,0,1,0,2,1,1,1,0,3,2,0,1,0,0,0,0,0,0,0,0
826,2020.0,32.0,986.0,0.0,0,0,0,1,0,0,2,1,1,2,3,4,0,0,1,0,0,0,1,0,0,0,0,0,0,0,0,0,0,0,1,1,0,1,3,2,0,0,0,0,0,0,1,0,0,0,0,0,0
827,2014.0,0.0,1.0,0.0,0,0,0,0,0,0,0,0,0,0,0,0,0,0,0,0,0,0,0,0,0,0,0,0,0,0,0,0,0,0,0,0,0,0,0,0,0,0,0,0,0,0,0,0,0,0,0,0,0
828,2014.0,0.0,715.0,0.0,0,0,0,0,0,0,0,0,0,0,1,0,0,1,1,0,2,2,1,3,0,0,0,0,0,0,0,0,0,0,0,0,0,0,0,0,0,0,0,0,1,0,3,4,0,0,0,0,0
828,2015.0,9.0,999.0,0.0,0,0,0,0,0,0,0,1,1,3,2,1,2,5,0,1,0,0,0,0,0,0,0,0,0,0,0,0,0,0,0,0,1,1,1,3,2,2,0,1,0,0,0,0,0,0,0,0,0
828,2016.0,0.0,1050.0,0.0,0,0,0,0,0,0,0,0,0,0,1,3,0,2,4,2,2,1,0,1,0,0,0,0,0,0,0,0,0,0,0,0,0,0,0,0,0,1,3,1,3,2,0,3,0,0,0,0,0
828,2017.0,0.0,1034.0,0.0,0,0,0,0,0,0,0,0,0,0,2,0,2,1,4,2,1,2,0,0,0,0,0,0,0,0,0,0,0,0,0,0,0,0,1,0,1,2,0,2,3,2,0,0,0,0,0,0,0
828,2018.0,9.0,1091.0,0.0,0,0,0,0,0,0,0,0,3,3,3,1,3,0,3,1,0,0,0,0,0,0,0,0,0,0,0,0,0,0,0,0,0,2,0,1,2,0,2,2,0,0,0,0,0,0,0,0,0
829,2014.0,0.0,54.0,0.0,0,0,0,0,0,0,0,0,0,0,0,0,0,0,0,0,1,0,0,0,0,0,0,0,0,0,0,0,0,0,0,0,0,0,0,0,0,0,0,0,1,0,0,0,0,0,0,0,0
829,2015.0,0.0,872.0,0.0,0,0,0,0,0,0,0,0,0,0,0,0,1,1,3,4,4,1,1,0,0,0,0,0,0,0,0,0,0,0,0,0,0,0,0,0,1,0,1,0,4,4,6,0,0,0,0,0,0
830,2015.0,49.0,1025.0,0.0,0,0,0,2,0,0,1,3,3,1,1,1,0,0,1,1,1,0,0,0,0,0,0,0,0,0,0,0,0,0,1,3,4,0,2,0,0,0,1,0,1,0,0,0,0,0,0,0,0
830,2016.0,204.0,1176.0,1.0,1,4,2,3,1,2,1,2,0,1,1,0,0,0,0,0,0,0,0,0,0,0,0,0,0,1,4,6,2,1,1,1,0,1,0,0,0,0,0,0,0,0,0,0,0,0,0,0,0
830,2017.0,168.0,819.0,2.0,2,1,1,2,6,0,0,0,0,1,0,0,0,0,0,0,0,0,0,0,0,0,0,0,0,1,1,4,6,0,0,0,0,0,0,0,0,0,0,0,0,0,0,0,0,0,0,0,0
830,2018.0,249.0,1127.0,2.0,2,4,5,1,3,1,0,0,1,0,0,0,0,0,0,0,0,0,0,0,0,0,0,0,0,2,2,4,6,1,0,0,0,0,0,0,0,0,0,0,0,0,0,0,0,0,0,0,0
830,2019.0,278.0,1180.0,3.0,3,2,4,6,2,1,0,1,0,0,0,0,0,0,0,0,0,0,0,0,0,0,0,0,2,3,2,7,3,0,0,0,0,0,0,0,0,0,0,0,0,0,0,0,0,0,0,0,0
830,2020.0,214.0,795.0,2.0,2,6,3,0,0,1,0,0,0,0,0,0,0,0,0,0,0,0,0,0,0,0,0,0,1,4,7,0,0,0,0,0,0,0,0,0,0,0,0,0,0,0,0,0,0,0,0,0,0
830,2021.0,395.5,1211.0,10.0,10,8,0,0,0,0,0,0,1,0,0,0,0,0,0,0,0,0,0,0,0,0,0,0,9,4,0,0,0,0,0,0,0,0,0,0,0,0,0,0,0,0,0,0,0,0,0,0,0
830,2022.0,454.0,1271.0,15.0,15,1,1,0,0,1,2,0,0,0,0,0,0,0,0,0,0,0,1,0,0,0,0,0,7,6,3,0,0,0,1,0,0,0,0,0,0,0,0,0,0,0,0,0,0,0,0,0,0
831,2015.0,27.0,1070.0,0.0,0,0,0,0,1,1,0,1,2,1,3,3,2,0,1,1,0,0,0,0,0,0,0,0,0,0,0,0,0,0,0,1,1,1,0,2,1,0,3,3,0,0,0,0,0,0,0,0,0
831,2016.0,2.0,1154.0,0.0,0,0,0,0,0,0,0,0,1,0,0,1,2,1,5,2,2,1,1,1,0,0,0,0,0,0,0,0,0,0,0,0,0,0,0,0,0,0,1,4,1,3,4,1,0,0,0,0,0
832,2015.0,18.0,913.0,0.0,0,0,0,0,0,0,1,1,3,2,2,1,2,0,0,0,0,0,0,0,0,0,0,0,0,0,0,0,0,0,1,1,1,3,2,2,0,0,0,0,0,0,0,0,0,0,0,0,0
832,2016.0,46.0,1154.0,0.0,0,0,0,0,0,3,0,4,3,0,1,1,0,2,1,1,1,0,0,0,0,0,0,0,0,0,0,0,0,3,0,2,0,0,2,0,0,2,4,1,0,0,0,0,0,0,0,0,0
832,2017.0,54.0,881.0,0.0,0,0,0,1,0,1,4,2,0,2,1,0,0,1,0,0,0,0,0,0,0,0,0,0,0,0,0,0,0,1,1,3,0,2,1,0,0,2,0,0,0,0,0,0,0,0,0,0,0
832,2018.0,53.0,1195.0,0.0,0,0,0,0,1,1,2,4,2,3,2,3,0,0,0,0,1,0,0,0,0,0,0,0,0,0,0,0,1,0,2,3,6,1,3,1,0,0,0,0,0,0,0,0,0,0,0,0,0
832,2019.0,96.0,1133.0,0.0,0,0,1,0,3,4,1,3,0,1,1,1,1,1,0,0,0,0,0,0,0,0,0,0,0,0,0,0,1,1,7,2,0,0,1,1,1,1,0,0,0,0,0,0,0,0,0,0,0
832,2020.0,105.0,882.0,0.0,0,1,0,1,4,3,1,0,2,0,0,0,2,0,0,0,0,0,0,0,0,0,0,0,0,0,0,0,0,1,3,0,2,0,0,0,0,0,0,0,0,0,0,0,0,0,0,0,0
832,2021.0,164.5,1294.0,0.0,0,1,3,0,2,5,4,4,0,1,2,0,0,0,0,0,0,0,0,0,0,0,0,0,0,1,1,0,6,4,0,1,0,2,2,0,0,0,0,0,0,0,0,0,0,0,0,0,0
832,2022.0,246.0,1033.0,1.0,1,3,5,4,2,0,0,1,0,0,0,0,0,0,0,0,0,0,0,0,0,0,0,0,3,3,6,3,1,0,0,0,0,0,0,0,0,0,0,0,0,0,0,0,0,0,0,0,0
833,2015.0,0.0,737.0,0.0,0,0,0,0,0,0,0,0,0,0,0,1,1,1,3,3,1,1,1,0,0,0,0,0,0,0,0,0,0,0,0,0,0,0,0,0,0,1,0,2,1,1,4,0,0,0,0,0,0
834,2015.0,0.0,302.0,0.0,0,0,0,0,0,0,0,0,0,0,0,1,0,1,1,0,0,2,0,0,0,0,0,0,0,0,0,0,0,0,0,0,0,0,0,0,0,0,0,0,0,0,0,0,0,0,0,0,0
835,2016.0,1.0,891.0,0.0,0,0,0,0,0,0,0,0,0,1,1,3,3,0,3,0,1,0,1,0,0,1,0,0,0,0,0,0,0,0,0,0,0,0,0,0,2,0,2,0,2,0,3,0,0,0,0,0,0
835,2017.0,8.0,714.0,0.0,0,0,0,0,0,1,0,0,0,0,3,2,3,0,2,0,0,0,0,0,0,0,0,0,0,0,0,0,0,0,0,0,0,0,1,1,0,0,1,0,0,0,0,0,0,0,0,0,0
836,2016.0,1.0,1048.0,0.0,0,0,0,0,0,0,0,0,0,1,0,0,1,2,2,3,3,2,1,0,0,1,0,0,0,0,0,0,0,0,0,0,0,0,0,0,1,0,0,2,3,0,2,0,0,0,0,0,0
836,2017.0,5.0,948.0,0.0,0,0,0,0,0,0,0,1,0,1,1,1,0,4,3,2,2,0,0,0,0,0,0,0,0,0,0,0,0,0,0,0,0,0,0,1,0,2,2,0,3,0,0,0,0,0,0,0,0
837,2016.0,0.0,611.0,0.0,0,0,0,0,0,0,0,0,0,0,0,0,0,0,1,1,2,1,1,1,2,0,0,0,0,0,0,0,0,0,0,0,0,0,0,0,0,0,0,1,0,0,4,3,1,0,0,0,0
838,2016.0,1.0,56.0,0.0,0,0,0,0,0,0,0,0,0,1,0,0,0,0,0,0,0,0,0,0,0,0,0,0,0,0,0,0,0,0,0,0,0,0,0,0,0,0,0,0,0,0,0,0,0,0,0,0,0
838,2017.0,13.0,951.0,0.0,0,0,0,0,0,0,2,0,0,1,1,5,1,4,0,0,0,0,0,0,0,0,0,0,0,0,0,0,0,0,1,0,0,0,0,1,2,0,0,0,0,0,0,0,0,0,0,0,0
838,2018.0,12.0,1200.0,0.0,0,0,0,0,0,0,0,2,2,0,2,3,2,3,3,2,0,0,0,0,0,0,0,0,0,0,0,0,0,0,0,0,0,0,2,1,0,2,4,2,0,0,0,0,0,0,0,0,0
839,2016.0,0.0,457.0,0.0,0,0,0,0,0,0,0,0,0,0,0,1,1,0,0,2,0,2,0,0,2,0,0,0,0,0,0,0,0,0,0,0,0,0,0,0,0,0,0,0,0,0,0,0,1,0,0,0,0
839,2017.0,87.0,1117.0,0.0,0,0,0,0,2,5,1,3,2,5,0,1,0,0,0,0,0,0,0,0,0,0,0,0,0,0,0,0,1,3,2,0,4,2,0,0,0,0,0,0,0,0,0,0,0,0,0,0,0
839,2018.0,49.0,1052.0,0.0,0,0,0,0,0,4,1,1,3,1,2,1,1,0,1,0,0,0,0,0,0,0,0,0,0,0,0,0,0,3,0,3,1,1,3,1,1,0,1,0,0,0,0,0,0,0,0,0,0
839,2020.0,62.0,861.0,0.0,0,1,0,0,1,1,1,4,2,0,1,0,1,1,0,0,0,0,0,0,0,0,0,0,0,0,0,0,1,1,4,0,1,0,2,0,0,3,0,0,0,0,0,0,0,0,0,0,0
839,2021.0,74.0,1152.0,1.0,1,0,0,1,1,0,2,1,6,2,0,0,2,3,0,0,0,0,0,0,0,0,0,0,0,0,0,0,1,0,0,4,6,0,0,0,0,0,0,0,0,0,0,0,0,0,0,0,0
839,2022.0,92.0,1243.0,0.0,0,0,0,1,1,2,5,4,2,1,2,1,0,1,0,0,0,0,0,0,0,0,0,0,0,0,0,0,3,1,1,2,0,3,1,2,0,1,0,0,0,0,0,0,0,0,0,0,0
840,2017.0,40.0,1050.0,0.0,0,0,1,0,0,1,1,2,1,1,3,0,0,1,1,3,0,1,0,0,0,0,0,0,0,0,0,0,0,0,0,1,0,0,2,0,0,0,5,1,0,3,0,0,0,0,0,0,0
840,2018.0,6.0,1156.0,0.0,0,0,0,0,0,0,0,1,1,0,1,2,2,6,1,0,4,1,0,0,0,0,0,0,0,0,0,0,0,0,0,0,0,0,0,0,1,3,2,0,3,3,0,0,0,0,0,0,0
840,2019.0,21.0,1211.0,0.0,0,0,0,1,0,0,0,0,4,1,1,3,4,2,0,1,1,0,1,0,0,0,0,0,0,0,0,0,0,0,0,0,1,0,0,2,1,3,0,6,4,0,0,0,0,0,0,0,0
840,2020.0,75.0,785.0,0.0,0,0,2,2,0,1,1,0,3,1,0,0,1,0,0,0,0,0,0,0,0,0,0,0,0,0,1,0,0,3,0,0,2,1,0,0,1,0,0,0,0,0,0,0,0,0,0,0,0
840,2021.0,34.0,1170.0,0.0,0,0,0,0,0,1,1,4,1,2,3,2,2,2,0,0,0,0,0,1,0,0,0,0,0,0,0,0,0,0,1,1,3,2,1,2,3,2,0,0,0,0,0,1,0,0,0,0,0
840,2022.0,18.0,1234.0,0.0,0,0,0,0,0,1,0,1,0,6,3,3,2,1,2,1,0,0,0,0,0,0,0,0,0,0,0,0,0,0,0,0,0,1,1,2,1,2,3,0,0,0,0,0,0,0,0,0,0
841,2017.0,0.0,58.0,0.0,0,0,0,0,0,0,0,0,0,0,0,1,0,0,0,0,0,0,0,0,0,0,0,0,0,0,0,0,0,0,0,0,0,0,0,0,0,0,0,0,0,0,0,0,0,0,0,0,0
841,2019.0,14.0,1156.0,0.0,0,0,0,0,1,0,0,0,1,2,1,1,2,3,2,3,0,2,1,0,0,0,0,0,0,0,0,0,0,0,0,0,0,3,3,3,0,1,1,3,0,3,0,0,0,0,0,0,0
841,2020.0,4.0,893.0,0.0,0,0,0,0,0,0,0,0,1,2,1,0,1,2,1,4,2,0,0,0,0,0,0,0,0,0,0,0,0,0,0,0,0,1,0,0,0,3,1,1,3,0,0,0,0,0,0,0,0
841,2021.0,3.0,1254.0,0.0,0,0,0,0,0,0,0,0,1,1,4,2,4,4,4,1,0,0,0,0,0,0,0,0,0,0,0,0,0,0,0,0,0,2,1,3,2,3,3,1,0,0,0,0,0,0,0,0,0
842,2017.0,0.0,231.0,0.0,0,0,0,0,0,0,0,0,0,0,0,1,1,1,0,1,0,0,0,0,0,0,0,0,0,0,0,0,0,0,0,0,0,0,0,0,0,1,0,0,0,0,0,0,0,0,0,0,0
842,2018.0,29.0,1032.0,0.0,0,0,0,1,0,1,1,0,1,1,3,2,3,2,0,0,0,1,0,0,0,0,0,0,0,0,0,0,0,1,1,0,2,2,0,1,0,1,0,0,0,0,0,0,0,0,0,0,0
842,2019.0,95.0,1234.0,0.0,0,1,0,1,1,3,2,3,2,1,2,0,0,2,0,1,0,1,0,0,0,0,0,0,0,0,0,1,2,4,0,2,2,2,2,0,0,0,0,1,0,0,0,0,0,0,0,0,0
842,2020.0,75.0,864.0,1.0,1,0,0,0,1,2,2,2,2,0,2,0,1,0,1,0,0,0,0,0,0,0,0,0,0,0,0,0,0,0,2,1,4,0,1,0,0,0,0,0,0,0,0,0,0,0,0,0,0
842,2021.0,110.0,1126.0,0.0,0,0,1,2,2,4,3,0,1,2,2,0,1,0,0,0,1,0,0,0,0,0,0,0,0,0,0,3,4,6,1,0,1,0,2,0,0,0,0,0,0,0,0,0,0,0,0,0,0
842,2022.0,23.0,1237.0,0.0,0,0,0,0,1,0,0,2,2,1,3,3,1,4,1,0,0,1,0,0,0,0,0,0,0,0,0,0,1,0,0,0,1,2,4,0,0,4,1,0,0,0,0,0,0,0,0,0,0
843,2017.0,0.0,179.0,0.0,0,0,0,0,0,0,0,0,0,0,0,0,1,0,1,0,0,0,0,0,0,0,0,0,0,0,0,0,0,0,0,0,0,0,0,0,0,0,0,0,0,0,0,0,0,0,0,0,0
843,2018.0,4.0,999.0,0.0,0,0,0,0,0,0,0,0,1,2,2,2,1,3,1,0,2,0,0,1,0,0,0,0,0,0,0,0,0,0,0,0,0,0,2,0,0,1,2,0,2,0,0,4,0,0,0,0,0
844,2018.0,39.0,1058.0,0.0,0,0,0,0,0,1,4,0,2,3,1,1,1,0,1,0,0,0,1,0,0,0,0,0,0,0,0,0,0,0,2,0,4,1,0,0,3,0,1,0,0,0,2,0,0,0,0,0,0
844,2019.0,264.0,1156.0,2.0,2,2,6,3,4,1,0,0,0,0,0,0,0,0,0,0,0,1,0,0,0,0,0,0,7,1,4,3,2,0,0,0,0,0,0,0,0,0,0,0,0,0,0,0,0,0,0,0,0
844,2020.0,98.0,822.0,0.0,0,1,1,3,1,1,1,1,0,1,1,0,1,1,0,0,0,0,0,0,0,0,0,0,0,0,0,3,1,1,2,1,0,1,0,0,2,1,0,0,0,0,0,0,0,0,0,0,0
844,2021.0,159.0,1145.0,0.0,0,1,0,6,3,2,2,3,0,1,0,0,0,0,1,1,0,0,0,0,0,0,0,0,0,0,0,6,2,1,3,2,0,0,0,0,0,0,0,0,0,0,0,0,0,0,0,0,0
844,2022.0,308.0,1189.0,3.0,3,5,3,3,1,4,0,0,0,0,0,0,0,0,0,0,0,0,0,0,0,0,0,0,9,5,3,0,1,0,0,0,0,0,0,0,0,0,0,0,0,0,0,0,0,0,0,0,0
845,2018.0,1.0,1118.0,0.0,0,0,0,0,0,0,0,0,0,1,0,1,3,2,4,4,1,1,1,0,0,0,0,0,0,0,0,0,0,0,0,0,0,0,0,2,2,2,0,2,2,4,5,0,0,0,0,0,0
846,2019.0,49.0,1102.0,0.0,0,0,0,0,0,2,2,4,2,1,4,1,0,0,0,0,0,1,0,0,0,0,0,0,0,0,0,0,0,1,3,6,2,2,1,1,0,0,0,0,0,0,0,0,0,0,0,0,0
846,2020.0,97.0,1015.0,0.0,0,0,1,2,3,1,1,2,1,2,0,0,2,0,1,0,0,0,0,0,0,0,0,0,0,0,1,1,1,1,0,5,3,2,0,0,0,0,0,0,0,0,0,0,0,0,0,0,0
846,2021.0,160.0,1223.0,0.0,0,1,3,2,4,0,3,2,1,4,0,0,0,1,0,0,0,0,0,0,0,0,0,0,0,1,3,1,3,0,6,1,2,0,0,0,0,0,0,0,0,0,0,0,0,0,0,0,0
846,2022.0,122.0,1253.0,0.0,0,0,1,1,1,4,6,1,2,1,0,1,0,0,2,0,0,0,0,0,0,0,0,0,0,0,1,2,3,4,2,2,0,2,0,0,0,0,0,0,0,0,0,0,0,0,0,0,0
847,2019.0,0.0,1182.0,0.0,0,0,0,0,0,0,0,0,0,0,1,1,0,2,4,6,3,1,1,0,0,0,0,0,0,0,0,0,0,0,0,0,0,0,0,0,0,2,1,1,3,6,6,0,0,0,0,0,0
847,2020.0,3.0,910.0,0.0,0,0,0,0,0,0,0,0,1,0,1,2,0,2,1,2,1,3,0,0,0,0,0,0,0,0,0,0,0,0,0,0,0,0,1,1,0,2,2,1,2,2,0,0,0,0,0,0,0
847,2021.0,16.0,1141.0,0.0,0,1,0,0,0,0,0,1,1,1,1,2,1,4,1,2,2,0,0,0,0,0,0,0,0,1,0,0,0,0,0,1,0,1,2,2,1,3,5,1,3,0,0,0,0,0,0,0,0
847,2022.0,275.0,1240.0,1.0,1,1,6,6,5,0,0,1,0,0,0,0,0,1,0,0,0,0,0,0,0,0,0,0,2,2,0,3,2,0,0,2,0,0,0,0,0,0,0,0,0,0,0,0,0,0,0,0,0
848,2019.0,92.0,1190.0,0.0,0,0,0,1,4,4,0,1,1,1,2,1,0,2,2,0,0,0,0,0,0,0,0,0,0,0,0,0,3,3,0,1,1,1,3,2,0,0,0,0,0,0,0,0,0,0,0,0,0
848,2020.0,105.0,994.0,0.0,0,0,2,2,2,2,1,2,0,1,0,1,1,0,2,0,0,0,0,0,0,0,0,0,0,0,0,4,3,4,0,0,0,0,0,2,1,0,1,0,0,0,0,0,0,0,0,0,0
848,2022.0,4.0,1100.0,0.0,0,0,0,0,0,0,0,0,1,2,1,4,5,1,1,0,1,1,0,0,0,0,0,0,0,0,0,0,0,0,0,0,0,0,0,1,1,1,2,0,3,4,0,0,0,0,0,0,0
849,2020.0,0.0,915.0,0.0,0,0,0,0,0,0,0,0,0,0,3,0,0,2,1,2,2,2,2,0,0,0,0,0,0,0,0,0,0,0,0,0,0,0,0,0,0,0,1,1,0,5,4,0,0,0,0,0,0
849,2021.0,7.0,1191.0,0.0,0,0,0,0,0,0,1,0,1,0,1,1,0,1,2,5,3,3,1,0,0,0,0,0,0,0,0,0,0,0,0,0,0,0,0,0,0,1,1,6,3,5,1,0,0,0,0,0,0
849,2022.0,2.0,1155.0,0.0,0,0,0,0,0,0,0,0,1,0,0,1,0,1,3,6,1,4,1,0,0,0,0,0,0,0,0,0,0,0,0,0,0,0,0,0,0,0,0,0,2,7,6,0,0,0,0,0,0
850,2020.0,0.0,140.0,0.0,0,0,0,0,0,0,0,0,0,0,0,0,0,0,0,0,1,0,1,0,0,0,0,0,0,0,0,0,0,0,0,0,0,0,0,0,0,0,0,0,1,0,0,0,0,0,0,0,0
851,2020.0,0.0,87.0,0.0,0,0,0,0,0,0,0,0,0,0,0,0,0,0,0,1,0,0,0,0,0,0,0,0,0,0,0,0,0,0,0,0,0,0,0,0,0,0,0,0,0,0,0,0,0,0,0,0,0
852,2021.0,32.0,1078.0,0.0,0,0,0,1,0,1,1,0,2,2,0,2,2,2,3,1,1,0,0,0,0,0,0,0,0,0,0,0,0,0,2,0,1,1,0,1,1,2,1,5,0,0,0,0,0,0,0,0,0
852,2022.0,12.0,1101.0,0.0,0,0,0,0,0,0,1,1,0,2,1,1,3,2,1,1,2,0,1,0,0,0,0,0,0,0,0,0,0,0,0,2,0,1,2,1,5,0,0,3,0,0,1,0,0,0,0,0,0
853,2021.0,0.0,1008.0,0.0,0,0,0,0,0,0,0,0,0,0,0,0,0,1,0,0,6,4,3,2,0,0,0,0,0,0,0,0,0,0,0,0,0,0,0,0,0,0,0,0,1,5,5,6,0,0,0,0,0
854,2021.0,0.0,1060.0,0.0,0,0,0,0,0,0,0,0,0,0,0,1,1,1,1,6,1,5,2,0,0,0,0,0,0,0,0,0,0,0,0,0,0,0,0,0,0,2,1,1,3,6,6,0,0,0,0,0,0
854,2022.0,12.0,1142.0,0.0,0,0,0,0,0,1,0,1,0,0,1,1,4,3,3,2,3,0,0,0,0,0,0,0,0,0,0,0,0,1,0,1,0,0,0,4,0,0,6,1,2,0,0,0,0,0,0,0,0
855,2022.0,6.0,1060.0,0.0,0,0,0,0,0,0,0,1,0,2,2,3,2,2,1,4,0,0,0,0,0,0,0,0,0,0,0,0,0,0,0,0,0,1,0,3,2,5,3,1,0,0,0,0,0,0,0,0,0
856,2022.0,2.0,53.0,0.0,0,0,0,0,0,0,0,0,1,0,0,0,0,0,0,0,0,0,0,0,0,0,0,0,0,0,0,0,0,0,0,0,0,0,0,0,0,0,0,0,0,0,0,0,0,0,0,0,0
